match_id,visit_odds_2,odds_company,odds_type_2,odds_type_1,visit_odds_1,home_odds_1,home_odds_2
895779,0.80,ＳＢ,半球,半球,0.96,0.80,0.96
895775,0.80,ＳＢ,半球,半球,0.80,0.96,0.96
895779,0.80,Bet365,半球,半球,0.975,0.825,1.00
895779,,立博, , , , ,
895779,,韦德, , , , ,
895775,0.825,Bet365,半球,半球,0.825,0.975,0.975
895775,,立博, , , , ,
895775,,韦德, , , , ,
895777,0.50,ＳＢ,半球,半球,0.85,0.91,1.35
895779,0.85,易胜,半球,半球,1.00,0.85,1.00
895779,,明陞, , , , ,
895779,,澳彩, , , , ,
895775,0.80,易胜,半球,半球,0.85,1.00,1.05
895775,,明陞, , , , ,
895775,,澳彩, , , , ,
895777,0.55,Bet365,半球,半球,0.875,0.925,1.375
895777,,立博, , , , ,
895777,,韦德, , , , ,
895779,0.80,10BET,半球,半球,0.97,0.80,0.97
895779,0.79,金宝博,半球,半球,0.96,0.80,0.97
895775,0.80,10BET,半球,半球,0.80,0.97,0.97
895775,0.80,金宝博,半球,半球,0.80,0.96,0.96
895775,,12bet/大发, , , , ,
895777,0.50,易胜,半球,半球,0.60,1.25,1.40
895777,,明陞, , , , ,
895777,,澳彩, , , , ,
895779,,12bet/大发, , , , ,
895779,,利记, , , , ,
895779,,永利高, , , , ,
895775,,利记, , , , ,
895775,,永利高, , , , ,
895775,0.80,盈禾,半球,半球,0.80,0.97,0.97
895777,0.54,10BET,半球,半球,0.85,0.90,1.33
895777,0.50,金宝博,半球,半球,0.85,0.91,1.35
895777,,12bet/大发, , , , ,
895779,0.80,盈禾,半球,半球,0.96,0.81,0.97
895777,,利记, , , , ,
895777,,永利高, , , , ,
895777,0.50,盈禾,半球,半球,0.85,0.92,1.36
935703,0.94,ＳＢ,一球,半球/一球,1.01,0.75,0.88
935684,0.95,ＳＢ,受让平手/半球,平手/半球,0.91,0.85,0.87
935702,0.88,ＳＢ,半球/一球,平手/半球,0.78,0.98,0.94
928228,1.11,ＳＢ,平手,平手,0.90,0.92,0.72
935703,1.20,Bet365,半球/一球,半球,0.925,0.875,0.65
935684,,Bet365, , , , ,
935702,1.425,Bet365,平手/半球,平手/半球,1.25,0.625,0.525
928228,0.775,Bet365,平手/半球,平手/半球,0.80,1.00,1.025
935620,0.77,ＳＢ,半球,半球/一球,0.85,1.03,1.14
935703,,立博, , , , ,
935684,,立博, , , , ,
935702,,立博, , , , ,
928228,,立博, , , , ,
935620,0.75,Bet365,半球,半球/一球,0.80,1.00,1.05
915251,,ＳＢ, , , , ,
915253,,ＳＢ, , , , ,
928227,0.89,ＳＢ,平手/半球,平手/半球,1.00,0.82,0.93
935703,,韦德, , , , ,
935684,,韦德, , , , ,
935702,,韦德, , , , ,
928228,,韦德, , , , ,
935620,,立博, , , , ,
915251,,Bet365, , , , ,
915253,,Bet365, , , , ,
915252,,ＳＢ, , , , ,
928227,0.875,Bet365,平手/半球,平手,1.25,0.625,0.925
934492,1.06,ＳＢ,一球/球半,半球/一球,1.01,0.75,0.80
935703,1.20,易胜,半球/一球,半球/一球,1.15,0.80,0.75
935684,0.65,易胜,平手,平手/半球,0.98,0.97,1.30
935702,1.35,易胜,平手/半球,平手/半球,0.90,1.05,0.60
928228,0.78,易胜,平手/半球,平手/半球,0.85,1.10,1.17
935620,,韦德, , , , ,
915251,,立博, , , , ,
915253,,立博, , , , ,
915252,,Bet365, , , , ,
928227,,立博, , , , ,
934492,1.075,Bet365,一球,半球/一球,1.025,0.775,0.725
915255,,ＳＢ, , , , ,
935703,1.21,明陞,半球/一球,半球/一球,1.13,0.72,0.66
935684,0.58,明陞,平手,平手/半球,0.92,0.92,1.35
935702,1.53,明陞,平手/半球,平手/半球,0.93,0.91,0.49
928228,0.85,明陞,平手/半球,平手/半球,0.82,1.02,0.99
935620,0.90,易胜,半球,半球/一球,0.95,1.00,1.05
915251,,韦德, , , , ,
915253,,韦德, , , , ,
915252,,立博, , , , ,
928227,,韦德, , , , ,
934492,,立博, , , , ,
915255,,Bet365, , , , ,
935698,0.94,ＳＢ,受让半球/一球,受让半球,0.85,0.91,0.82
935703,,澳彩, , , , ,
935684,,澳彩, , , , ,
935702,,澳彩, , , , ,
928228,,澳彩, , , , ,
935620,0.82,明陞,半球,半球/一球,0.90,1.02,1.11
915251,,易胜, , , , ,
915253,,易胜, , , , ,
915252,,韦德, , , , ,
928227,1.30,易胜,平手,平手,1.25,0.70,0.65
934492,,韦德, , , , ,
915255,,立博, , , , ,
935698,0.65,Bet365,受让半球,受让半球,0.875,0.925,1.20
915256,,ＳＢ, , , , ,
935703,1.17,10BET,半球/一球,半球/一球,1.13,0.74,0.71
935684,0.59,10BET,平手,平手/半球,0.88,0.88,1.22
935702,1.51,10BET,平手/半球,平手/半球,0.95,0.89,0.52
928228,0.77,10BET,平手/半球,平手/半球,0.77,1.00,1.00
935620,,澳彩, , , , ,
915251,,明陞, , , , ,
915253,,明陞, , , , ,
915252,,易胜, , , , ,
928227,0.90,明陞,平手/半球,平手,1.25,0.64,0.94
934492,,易胜, , , , ,
915255,,韦德, , , , ,
935698,,立博, , , , ,
915256,,Bet365, , , , ,
935703,0.95,金宝博,一球,半球/一球,1.01,0.75,0.89
935684,1.04,金宝博,受让平手/半球,平手/半球,0.91,0.85,0.80
935702,1.01,金宝博,半球/一球,平手/半球,0.78,0.98,0.83
928228,1.19,金宝博,平手,平手,0.94,0.90,0.68
935620,0.80,10BET,半球,半球/一球,0.81,1.00,1.01
915251,,澳彩, , , , ,
915253,,澳彩, , , , ,
915252,,明陞, , , , ,
928227,,澳彩, , , , ,
934492,0.92,明陞,一球/球半,半球/一球,1.17,0.69,0.96
915255,,易胜, , , , ,
935698,0.83,韦德,受让半球/一球,受让半球,0.86,0.92,0.95
915256,,立博, , , , ,
915257,,ＳＢ, , , , ,
935703,1.08,12bet/大发,半球/一球,半球/一球,1.13,0.72,0.76
935684,0.60,12bet/大发,平手,平手/半球,0.92,0.92,1.31
935702,1.53,12bet/大发,平手/半球,平手/半球,0.93,0.91,0.49
928228,0.85,12bet/大发,平手/半球,平手/半球,0.82,1.02,0.99
935620,0.82,金宝博,半球,半球/一球,0.86,1.04,1.11
915251,,10BET, , , , ,
915253,,10BET, , , , ,
915252,,澳彩, , , , ,
928227,0.91,10BET,平手/半球,平手,1.07,0.72,0.84
934492,1.05,澳彩,一球,半球/一球,1.10,0.60,0.65
915255,,明陞, , , , ,
935698,0.79,易胜,受让半球,受让半球,0.95,0.95,1.11
915256,,韦德, , , , ,
915257,,Bet365, , , , ,
935703,1.23,利记,半球/一球,半球/一球,1.11,0.74,0.65
935684,0.63,利记,平手,平手/半球,0.92,0.92,1.26
935702,1.35,利记,平手/半球,平手/半球,0.85,0.99,0.58
928228,0.78,利记,平手/半球,平手/半球,0.80,1.04,1.06
935620,0.82,12bet/大发,半球,半球/一球,0.90,1.02,1.11
915251,,金宝博, , , , ,
915253,,金宝博, , , , ,
915252,,10BET, , , , ,
928227,0.85,金宝博,平手/半球,平手/半球,1.01,0.83,0.99
934492,1.05,10BET,一球,半球/一球,1.00,0.77,0.73
915255,,澳彩, , , , ,
935698,0.70,明陞,受让半球,受让半球,0.88,0.92,1.11
915256,,易胜, , , , ,
915257,,立博, , , , ,
935703,,永利高, , , , ,
935684,,永利高, , , , ,
935702,,永利高, , , , ,
928228,,永利高, , , , ,
935620,0.83,利记,半球,半球/一球,0.87,1.05,1.09
915251,,12bet/大发, , , , ,
915253,,12bet/大发, , , , ,
915252,,金宝博, , , , ,
928227,0.90,12bet/大发,平手/半球,平手,1.25,0.64,0.94
934492,0.99,金宝博,一球/球半,半球/一球,1.00,0.76,0.89
915255,,10BET, , , , ,
935698,,澳彩, , , , ,
915256,,明陞, , , , ,
915257,,韦德, , , , ,
935703,1.00,盈禾,一球,半球/一球,1.01,0.76,0.83
935684,0.90,盈禾,受让平手/半球,平手/半球,0.97,0.86,0.93
935702,0.85,盈禾,半球/一球,平手/半球,0.78,0.99,0.98
928228,1.11,盈禾,平手,平手,0.90,0.93,0.73
935620,,永利高, , , , ,
915251,,利记, , , , ,
915253,,利记, , , , ,
915252,,12bet/大发, , , , ,
928227,1.00,利记,平手/半球,平手,1.11,0.74,0.84
934492,0.92,12bet/大发,一球/球半,半球/一球,1.17,0.69,0.96
915255,,金宝博, , , , ,
935698,0.73,10BET,受让半球,受让半球,0.90,0.85,1.05
915256,,澳彩, , , , ,
915257,,易胜, , , , ,
933604,1.36,ＳＢ,受让半球/一球,受让一球,0.96,0.80,0.55
935620,0.92,盈禾,半球/一球,半球/一球,0.85,1.04,0.98
915251,,永利高, , , , ,
915253,,永利高, , , , ,
915252,,利记, , , , ,
928227,,永利高, , , , ,
934492,1.11,利记,一球,半球/一球,0.90,0.94,0.78
915255,,12bet/大发, , , , ,
935698,0.92,金宝博,受让半球/一球,受让半球,0.88,0.88,0.88
915256,,10BET, , , , ,
915257,,明陞, , , , ,
933604,1.25,Bet365,受让半球/一球,受让一球,0.975,0.825,0.625
915251,,盈禾, , , , ,
915253,,盈禾, , , , ,
915252,,永利高, , , , ,
928227,0.89,盈禾,平手/半球,平手/半球,1.00,0.83,0.94
934492,,永利高, , , , ,
915255,,利记, , , , ,
935698,0.70,12bet/大发,受让半球,受让半球,0.88,0.92,1.11
915256,,金宝博, , , , ,
915257,,澳彩, , , , ,
933604,,立博, , , , ,
915252,,盈禾, , , , ,
934492,1.00,盈禾,一球/球半,半球/一球,1.01,0.76,0.87
915255,,永利高, , , , ,
935698,0.66,利记,受让半球,受让半球,0.90,0.90,1.16
915256,,12bet/大发, , , , ,
915257,,10BET, , , , ,
935923,0.90,ＳＢ,半球,半球,0.90,0.80,0.80
933604,,韦德, , , , ,
935919,0.90,ＳＢ,受让平手/半球,受让平手/半球,0.95,0.75,0.80
915255,,盈禾, , , , ,
935698,,永利高, , , , ,
915256,,利记, , , , ,
915257,,金宝博, , , , ,
935923,0.90,Bet365,半球,半球,0.975,0.825,0.90
933604,1.13,易胜,受让半球/一球,受让一球,1.20,0.75,0.82
935919,0.925,Bet365,受让平手/半球,受让平手/半球,1.00,0.80,0.875
935698,0.82,盈禾,受让半球/一球,受让半球,0.85,0.92,0.95
915256,,永利高, , , , ,
915257,,12bet/大发, , , , ,
935923,,立博, , , , ,
933604,1.21,明陞,受让半球/一球,受让一球,0.96,0.84,0.66
935919,,立博, , , , ,
915256,,盈禾, , , , ,
915257,,利记, , , , ,
935923,,韦德, , , , ,
933604,,澳彩, , , , ,
935919,,韦德, , , , ,
915257,,永利高, , , , ,
915257,,盈禾, , , , ,
935923,0.98,易胜,半球,半球,0.98,0.82,0.82
933604,1.04,10BET,受让半球/一球,受让一球,1.00,0.78,0.74
935919,1.00,易胜,受让平手/半球,受让平手/半球,1.00,0.80,0.80
935923,0.84,明陞,半球,半球,0.94,0.82,0.92
933604,1.29,金宝博,受让半球/一球,受让一球,0.96,0.80,0.61
935919,0.86,明陞,受让平手/半球,受让平手/半球,0.96,0.80,0.90
935923,,澳彩, , , , ,
935923,,10BET, , , , ,
933604,1.21,12bet/大发,受让半球/一球,受让一球,0.96,0.84,0.66
935919,,澳彩, , , , ,
935699,1.03,ＳＢ,平手/半球,平手/半球,0.99,0.77,0.79
935920,0.75,ＳＢ,平手/半球,平手/半球,0.90,0.80,0.95
935923,0.90,金宝博,半球,半球,0.90,0.80,0.80
933604,1.23,利记,受让半球/一球,受让一球,1.04,0.80,0.65
935919,,10BET, , , , ,
935699,1.05,Bet365,平手/半球,平手/半球,1.00,0.80,0.75
935920,0.85,Bet365,平手/半球,平手/半球,0.95,0.85,0.95
934670,,ＳＢ, , , , ,
935923,0.84,12bet/大发,半球,半球,0.94,0.82,0.92
933604,,永利高, , , , ,
935919,0.90,金宝博,受让平手/半球,受让平手/半球,0.95,0.75,0.80
935699,,立博, , , , ,
935920,,立博, , , , ,
934670,0.975,Bet365,受让半球,受让半球,0.975,0.875,0.875
935923,,利记, , , , ,
933604,1.30,盈禾,受让半球/一球,受让一球,0.96,0.81,0.60
935919,0.86,12bet/大发,受让平手/半球,受让平手/半球,0.96,0.80,0.90
935699,0.83,韦德,半球,半球,0.79,0.99,0.95
935920,,韦德, , , , ,
935633,0.79,ＳＢ,平手,平手/半球,0.98,0.90,1.12
934670,,立博, , , , ,
934671,,ＳＢ, , , , ,
935923,,永利高, , , , ,
935919,,利记, , , , ,
935699,1.15,易胜,平手/半球,平手/半球,1.03,0.87,0.75
935920,0.95,易胜,平手/半球,平手/半球,0.95,0.85,0.85
935633,0.825,Bet365,平手,平手/半球,0.925,0.925,1.025
934670,,韦德, , , , ,
934671,0.80,Bet365,受让球半,受让球半,0.80,1.05,1.05
935923,0.90,盈禾,半球,半球,0.90,0.81,0.81
935919,,永利高, , , , ,
935699,1.00,明陞,平手/半球,平手/半球,1.00,0.80,0.84
935920,0.88,明陞,平手/半球,平手/半球,0.88,0.88,0.88
935633,,立博, , , , ,
934670,,易胜, , , , ,
934671,,立博, , , , ,
935919,0.92,盈禾,受让平手/半球,受让平手/半球,0.95,0.76,0.79
935699,,澳彩, , , , ,
935920,,澳彩, , , , ,
935633,0.85,韦德,平手,平手/半球,0.98,0.91,1.05
934670,,明陞, , , , ,
934671,,韦德, , , , ,
935918,0.85,ＳＢ,半球/一球,半球/一球,0.85,0.85,0.85
935699,0.98,10BET,平手/半球,平手/半球,0.89,0.86,0.79
935920,,10BET, , , , ,
935633,0.87,易胜,平手,平手/半球,0.95,1.00,1.08
934670,,澳彩, , , , ,
934671,,易胜, , , , ,
935918,0.90,Bet365,半球/一球,半球/一球,0.90,0.90,0.90
935699,1.04,金宝博,平手/半球,平手/半球,0.99,0.77,0.80
935920,0.75,金宝博,平手/半球,平手/半球,0.90,0.80,0.95
935633,0.87,明陞,平手,平手/半球,0.97,0.95,1.05
934670,,10BET, , , , ,
934671,,明陞, , , , ,
935918,,立博, , , , ,
935699,1.00,12bet/大发,平手/半球,平手/半球,1.00,0.80,0.84
935920,0.88,12bet/大发,平手/半球,平手/半球,0.88,0.88,0.88
935633,,澳彩, , , , ,
934670,,金宝博, , , , ,
934671,,澳彩, , , , ,
935918,,韦德, , , , ,
935699,0.99,利记,平手/半球,平手/半球,0.98,0.82,0.85
935920,,利记, , , , ,
935633,0.83,10BET,平手,平手/半球,0.95,0.88,1.02
934670,,12bet/大发, , , , ,
934671,,10BET, , , , ,
935918,0.90,易胜,半球/一球,半球/一球,0.90,0.90,0.90
935699,,永利高, , , , ,
935920,,永利高, , , , ,
935633,0.89,金宝博,平手,平手/半球,0.99,0.91,1.03
934670,,利记, , , , ,
934671,,金宝博, , , , ,
935918,0.88,明陞,半球/一球,半球/一球,0.88,0.88,0.88
884406,0.70,ＳＢ,一球,一球,0.91,0.85,1.13
935699,0.98,盈禾,平手/半球,平手/半球,0.99,0.78,0.87
935920,0.70,盈禾,平手/半球,平手/半球,0.90,0.81,1.01
935633,0.87,12bet/大发,平手,平手/半球,0.97,0.95,1.05
934670,,永利高, , , , ,
934671,,12bet/大发, , , , ,
935918,,澳彩, , , , ,
884406,0.775,Bet365,一球,一球,0.925,0.875,1.025
935633,0.83,利记,平手,平手/半球,1.00,0.92,1.09
934670,,盈禾, , , , ,
934671,,利记, , , , ,
935918,,10BET, , , , ,
884406,,立博, , , , ,
888924,0.92,ＳＢ,平手/半球,平手/半球,0.96,0.90,0.96
935634,0.93,ＳＢ,半球,平手/半球,1.03,0.85,0.96
935633,,永利高, , , , ,
935633,0.75,盈禾,平手,平手/半球,0.98,0.91,1.19
934671,,永利高, , , , ,
935918,0.77,金宝博,半球/一球,半球/一球,0.85,0.85,0.93
884406,0.80,韦德,一球,一球,0.89,0.88,0.98
888924,0.90,Bet365,平手/半球,平手/半球,0.925,0.875,0.90
935634,0.90,Bet365,半球,平手/半球,1.15,0.725,0.95
934671,,盈禾, , , , ,
935918,0.88,12bet/大发,半球/一球,半球/一球,0.88,0.88,0.88
884406,0.88,易胜,一球,一球,0.95,1.00,1.07
888924,0.88,立博,平手/半球,平手/半球,0.88,0.90,0.90
935634,,立博, , , , ,
935918,,利记, , , , ,
884406,0.85,明陞,一球,一球,0.93,0.87,0.99
888924,0.90,韦德,平手/半球,平手/半球,1.00,0.89,0.99
888927,1.06,ＳＢ,半球,半球,1.01,0.85,0.82
935634,0.95,韦德,半球,平手/半球,1.04,0.86,0.940
935918,,永利高, , , , ,
884406,,澳彩, , , , ,
888924,1.02,易胜,平手/半球,平手/半球,1.00,0.95,0.93
888927,0.95,Bet365,半球,半球,0.85,0.95,0.85
935634,0.97,易胜,半球,平手/半球,1.20,0.75,0.98
919065,0.90,ＳＢ,受让半球/一球,受让半球/一球,0.80,0.90,0.80
935918,0.85,盈禾,半球/一球,半球/一球,0.85,0.86,0.86
884406,0.83,10BET,一球,一球,0.90,0.90,0.98
888924,0.97,明陞,平手/半球,平手/半球,0.99,0.91,0.93
888927,0.78,立博,半球,半球,0.78,1.01,1.01
935634,1.28,明陞,平手/半球,平手/半球,1.17,0.77,0.70
919065,1.025,Bet365,受让半球/一球,受让半球/一球,0.85,0.95,0.775
884406,0.72,金宝博,一球,一球,0.91,0.85,1.13
888924,,澳彩, , , , ,
888927,0.96,韦德,半球,半球,0.89,0.99,0.92
935634,,澳彩, , , , ,
919065,,立博, , , , ,
919066,1.66,ＳＢ,受让平手/半球,受让平手/半球,0.75,0.95,0.30
884406,0.79,12bet/大发,一球,一球,0.93,0.87,1.05
888924,0.83,10BET,平手/半球,平手/半球,0.91,0.89,0.98
888927,1.00,易胜,半球,半球,0.85,1.10,0.95
935634,0.92,10BET,半球,平手/半球,1.00,0.84,0.92
919065,,韦德, , , , ,
919066,1.60,Bet365,受让平手/半球,受让平手/半球,0.80,1.00,0.475
919067,0.75,ＳＢ,平手/半球,平手/半球,0.80,0.90,0.95
884406,0.90,利记,一球,一球,0.90,0.94,0.94
888924,0.93,金宝博,平手/半球,平手/半球,1.02,0.86,0.97
888927,0.96,明陞,半球,半球,0.92,0.98,0.94
935634,0.96,金宝博,半球,平手/半球,1.04,0.86,0.96
919065,1.25,易胜,受让半球/一球,受让半球/一球,1.25,0.65,0.65
919066,,立博, , , , ,
919067,0.80,Bet365,平手/半球,平手/半球,0.95,0.85,1.00
884406,,永利高, , , , ,
888924,0.97,12bet/大发,平手/半球,平手/半球,0.99,0.91,0.93
888927,,澳彩, , , , ,
935634,1.28,12bet/大发,平手/半球,平手/半球,1.17,0.77,0.70
919065,1.08,明陞,受让半球/一球,受让半球/一球,0.83,0.93,0.68
919066,,韦德, , , , ,
919067,,立博, , , , ,
919070,1.66,ＳＢ,受让平手/半球,受让平手/半球,0.90,0.80,0.30
884406,0.70,盈禾,一球,一球,0.91,0.86,1.14
888924,0.84,利记,平手/半球,平手/半球,0.97,0.93,1.06
888927,0.85,10BET,半球,半球,0.86,0.95,0.96
935634,0.93,利记,半球,平手/半球,1.05,0.87,0.99
919065,,澳彩, , , , ,
919066,1.30,易胜,受让平手/半球,受让平手/半球,0.95,0.90,0.50
919067,,韦德, , , , ,
919070,1.75,Bet365,受让平手/半球,受让平手/半球,0.95,0.85,0.425
888924,,永利高, , , , ,
888927,0.99,金宝博,半球,半球,0.89,0.99,0.91
935634,,永利高, , , , ,
919065,1.29,10BET,受让半球/一球,受让半球/一球,0.84,0.92,0.57
919066,1.35,明陞,受让平手/半球,受让平手/半球,0.78,0.98,0.50
919067,0.95,易胜,平手/半球,平手/半球,1.00,0.90,0.85
919070,,立博, , , , ,
888924,0.94,盈禾,平手/半球,平手/半球,0.96,0.91,0.95
888927,0.96,12bet/大发,半球,半球,0.92,0.98,0.94
935634,0.94,盈禾,半球,平手/半球,1.03,0.86,0.96
919065,0.89,金宝博,受让半球/一球,受让半球/一球,0.80,0.90,0.81
919066,,澳彩, , , , ,
919067,0.83,明陞,平手/半球,平手/半球,0.93,0.83,0.93
919070,,韦德, , , , ,
935704,0.30,ＳＢ,平手/半球,平手/半球,0.90,0.80,1.66
888927,1.00,利记,半球,半球,0.90,1.00,0.90
919065,1.08,12bet/大发,受让半球/一球,受让半球/一球,0.83,0.93,0.68
919066,1.25,10BET,受让平手/半球,受让平手/半球,1.10,0.69,0.58
919067,,澳彩, , , , ,
919070,1.18,易胜,受让平手/半球,受让平手/半球,1.18,0.62,0.62
921176,0.95,ＳＢ,受让平手/半球,受让平手/半球,0.95,0.75,0.75
935704,0.475,Bet365,平手/半球,平手/半球,0.95,0.85,1.60
888927,,永利高, , , , ,
919065,,利记, , , , ,
919066,1.63,金宝博,受让平手/半球,受让平手/半球,0.75,0.95,0.31
919067,,10BET, , , , ,
919070,,明陞, , , , ,
921176,,Bet365, , , , ,
935704,,立博, , , , ,
921178,1.05,ＳＢ,平手/半球,平手/半球,0.95,0.75,0.65
888927,0.98,盈禾,半球,半球,0.91,0.96,0.91
919065,,永利高, , , , ,
919066,1.35,12bet/大发,受让平手/半球,受让平手/半球,0.78,0.98,0.50
919067,0.71,金宝博,平手/半球,平手/半球,0.80,0.90,0.99
919070,,澳彩, , , , ,
921176,,立博, , , , ,
935704,,韦德, , , , ,
921178,1.10,Bet365,平手/半球,平手/半球,1.00,0.80,0.70
919065,0.90,盈禾,受让半球/一球,受让半球/一球,0.80,0.91,0.81
919066,,利记, , , , ,
919067,0.83,12bet/大发,平手/半球,平手/半球,0.93,0.83,0.93
919070,,10BET, , , , ,
921176,,韦德, , , , ,
935704,0.70,易胜,平手/半球,平手/半球,0.95,0.85,1.10
921178,,立博, , , , ,
921180,1.07,ＳＢ,受让平手/半球,受让平手/半球,0.90,0.80,0.75
919066,,永利高, , , , ,
919067,,利记, , , , ,
919070,1.53,金宝博,受让平手/半球,受让平手/半球,0.90,0.80,0.35
921176,1.00,易胜,受让平手/半球,受让平手/半球,1.00,0.80,0.80
935704,,明陞, , , , ,
921178,,韦德, , , , ,
921180,1.075,Bet365,受让平手/半球,受让平手/半球,0.95,0.85,0.725
919066,1.68,盈禾,受让平手/半球,受让平手/半球,0.75,0.96,0.31
919067,,永利高, , , , ,
919070,,12bet/大发, , , , ,
921176,,明陞, , , , ,
935704,,澳彩, , , , ,
921178,1.00,易胜,平手/半球,平手/半球,1.00,0.80,0.80
921180,,立博, , , , ,
921181,0.80,ＳＢ,平手/半球,平手/半球,0.80,0.90,0.90
919067,0.75,盈禾,平手/半球,平手/半球,0.80,0.91,0.96
919070,,利记, , , , ,
921176,,澳彩, , , , ,
935704,,10BET, , , , ,
921178,,明陞, , , , ,
921180,,韦德, , , , ,
921181,,Bet365, , , , ,
919070,,永利高, , , , ,
921176,,10BET, , , , ,
935704,0.37,金宝博,平手/半球,平手/半球,0.90,0.80,1.49
921178,,澳彩, , , , ,
921180,1.03,易胜,受让平手/半球,受让平手/半球,1.00,0.90,0.77
921181,,立博, , , , ,
933603,,ＳＢ, , , , ,
919070,1.55,盈禾,受让平手/半球,受让平手/半球,0.90,0.81,0.36
921176,0.95,金宝博,受让平手/半球,受让平手/半球,0.95,0.75,0.75
935704,,12bet/大发, , , , ,
921178,,10BET, , , , ,
921180,1.09,明陞,受让平手/半球,受让平手/半球,0.93,0.83,0.67
921181,,韦德, , , , ,
933603,1.00,Bet365,受让半球,受让平手/半球,1.00,0.80,0.80
921176,,12bet/大发, , , , ,
921176,,利记, , , , ,
935704,,利记, , , , ,
921178,1.05,金宝博,平手/半球,平手/半球,0.95,0.75,0.65
921180,,澳彩, , , , ,
921181,0.85,易胜,平手/半球,平手/半球,0.85,0.95,0.95
933603,,立博, , , , ,
921176,,永利高, , , , ,
935704,,永利高, , , , ,
921178,,12bet/大发, , , , ,
921180,,10BET, , , , ,
921181,,明陞, , , , ,
928230,0.92,ＳＢ,平手,平手,0.97,0.85,0.90
933603,,韦德, , , , ,
921176,0.95,盈禾,受让平手/半球,受让平手/半球,0.95,0.76,0.76
935704,0.30,盈禾,平手/半球,平手/半球,0.90,0.81,1.69
921178,,利记, , , , ,
921180,1.08,金宝博,受让平手/半球,受让平手/半球,0.90,0.80,0.76
921181,,澳彩, , , , ,
928230,0.95,Bet365,平手,平手,1.025,0.775,0.85
933603,,易胜, , , , ,
921178,,永利高, , , , ,
921180,1.09,12bet/大发,受让平手/半球,受让平手/半球,0.93,0.83,0.67
921181,,10BET, , , , ,
928230,,立博, , , , ,
933603,0.72,明陞,平手,平手,0.72,1.13,1.13
934022,0.60,ＳＢ,平手,平手/半球,0.80,0.96,1.28
921178,1.05,盈禾,平手/半球,平手/半球,0.95,0.76,0.66
921180,,利记, , , , ,
921181,0.80,金宝博,平手/半球,平手/半球,0.80,0.90,0.90
928230,,韦德, , , , ,
933603,,澳彩, , , , ,
934022,0.675,Bet365,平手,平手/半球,0.825,0.975,1.15
921180,,永利高, , , , ,
921181,,12bet/大发, , , , ,
928230,1.05,易胜,平手,平手,1.05,0.90,0.90
933603,,10BET, , , , ,
934022,,立博, , , , ,
921180,1.00,盈禾,受让平手/半球,受让平手/半球,0.90,0.81,0.71
921181,,利记, , , , ,
928230,0.97,明陞,平手,平手,1.04,0.80,0.87
933603,,金宝博, , , , ,
934022,,韦德, , , , ,
934023,0.60,ＳＢ,平手,平手/半球,0.80,0.96,1.28
921181,,永利高, , , , ,
921181,0.80,盈禾,平手/半球,平手/半球,0.80,0.91,0.91
928230,,澳彩, , , , ,
933603,0.72,12bet/大发,平手,平手,0.72,1.13,1.13
934022,0.77,易胜,平手,平手/半球,0.85,1.10,1.18
934023,0.675,Bet365,平手,平手/半球,0.825,0.975,1.15
928230,0.97,10BET,平手,平手,1.00,0.77,0.80
933603,,利记, , , , ,
934022,0.70,明陞,平手,平手,0.84,1.00,1.16
934023,,立博, , , , ,
928230,0.93,金宝博,平手,平手,0.98,0.86,0.91
933603,,永利高, , , , ,
934022,,澳彩, , , , ,
934023,,韦德, , , , ,
935921,0.85,ＳＢ,受让球半,受让球半,0.85,0.85,0.85
928230,0.97,12bet/大发,平手,平手,1.04,0.80,0.87
933603,,盈禾, , , , ,
934022,0.78,10BET,平手,平手,0.78,0.99,0.99
934023,0.55,易胜,平手/半球,平手/半球,0.85,1.10,1.40
935922,1.09,ＳＢ,半球,半球,0.90,0.80,0.61
935921,0.90,Bet365,受让球半,受让球半,0.90,0.90,0.90
928230,1.01,利记,平手,平手,1.05,0.79,0.83
934022,0.66,金宝博,平手,平手/半球,0.80,0.96,1.21
934023,0.72,明陞,平手,平手/半球,0.66,1.21,1.13
935922,1.05,Bet365,半球,半球,0.95,0.85,0.75
927630,,ＳＢ, , , , ,
935921,,立博, , , , ,
928230,,永利高, , , , ,
934022,0.70,12bet/大发,平手,平手,0.84,1.00,1.16
934023,,澳彩, , , , ,
935922,,立博, , , , ,
927630,,Bet365, , , , ,
935921,,韦德, , , , ,
935637,,ＳＢ, , , , ,
928230,0.92,盈禾,平手,平手,0.97,0.86,0.91
934022,0.69,利记,平手,平手/半球,0.80,1.04,1.17
934023,0.56,10BET,平手/半球,平手/半球,0.63,1.20,1.30
935922,,韦德, , , , ,
927630,,立博, , , , ,
935921,0.90,易胜,受让球半,受让球半,0.90,0.90,0.90
935637,0.925,Bet365,半球/一球,半球/一球,0.925,0.875,0.875
934022,,永利高, , , , ,
934023,0.69,金宝博,平手,平手/半球,0.80,0.96,1.17
935922,0.95,易胜,半球,半球,0.95,0.85,0.85
927630,,韦德, , , , ,
935921,0.88,明陞,受让球半,受让球半,0.88,0.88,0.88
935637,,立博, , , , ,
935642,,ＳＢ, , , , ,
934022,0.60,盈禾,平手,平手/半球,0.80,0.97,1.29
934023,0.72,12bet/大发,平手,平手/半球,0.66,1.21,1.13
935922,0.92,明陞,半球,半球,0.92,0.84,0.84
927630,1.05,易胜,半球,半球,1.05,0.85,0.85
935921,,澳彩, , , , ,
935637,,韦德, , , , ,
935642,1.075,Bet365,受让两球半/三球,受让三球,0.95,0.85,0.725
934023,0.69,利记,平手,平手/半球,0.80,1.04,1.17
935922,,澳彩, , , , ,
927630,,明陞, , , , ,
935921,,10BET, , , , ,
935637,,易胜, , , , ,
935642,,立博, , , , ,
914571,0.70,ＳＢ,平手/半球,平手/半球,0.77,1.05,1.19
934023,,永利高, , , , ,
935922,,10BET, , , , ,
927630,,澳彩, , , , ,
935921,0.85,金宝博,受让球半,受让球半,0.85,0.85,0.85
935637,,明陞, , , , ,
935642,,韦德, , , , ,
914571,,Bet365, , , , ,
934023,0.60,盈禾,平手,平手/半球,0.80,0.97,1.29
935922,1.28,金宝博,半球,半球,0.90,0.80,0.62
927630,,10BET, , , , ,
935921,0.88,12bet/大发,受让球半,受让球半,0.88,0.88,0.88
935637,,澳彩, , , , ,
935642,,易胜, , , , ,
914571,,立博, , , , ,
935922,0.92,12bet/大发,半球,半球,0.92,0.84,0.84
927630,,金宝博, , , , ,
935921,,利记, , , , ,
935637,,10BET, , , , ,
935642,,明陞, , , , ,
914571,,韦德, , , , ,
935922,,利记, , , , ,
927630,,12bet/大发, , , , ,
935921,,永利高, , , , ,
935637,,金宝博, , , , ,
935642,,澳彩, , , , ,
934179,,ＳＢ, , , , ,
914571,1.17,易胜,平手,平手/半球,0.83,1.12,0.78
934178,0.60,ＳＢ,球半,球半,0.80,0.90,1.11
935922,,永利高, , , , ,
935922,1.10,盈禾,半球,半球,0.90,0.81,0.62
927630,,利记, , , , ,
935921,0.85,盈禾,受让球半,受让球半,0.85,0.86,0.86
935637,,12bet/大发, , , , ,
935642,,10BET, , , , ,
934179,0.775,Bet365,一球/球半,一球/球半,0.775,1.025,1.025
914571,1.19,明陞,平手,平手,1.08,0.80,0.72
934178,0.675,Bet365,球半,一球/球半,0.90,0.90,1.15
927630,,永利高, , , , ,
935637,,利记, , , , ,
935642,,金宝博, , , , ,
934179,,立博, , , , ,
914571,,澳彩, , , , ,
934178,,立博, , , , ,
927630,,盈禾, , , , ,
935637,,永利高, , , , ,
935642,,12bet/大发, , , , ,
934179,,韦德, , , , ,
914571,1.15,10BET,平手,平手/半球,0.75,1.02,0.67
934178,,韦德, , , , ,
934180,0.60,ＳＢ,平手/半球,平手/半球,0.95,0.75,1.28
935637,,盈禾, , , , ,
935642,,利记, , , , ,
934179,,易胜, , , , ,
914571,0.71,金宝博,平手/半球,平手/半球,0.78,1.06,1.20
934178,,易胜, , , , ,
934180,1.00,Bet365,平手,平手,1.00,0.80,0.80
935642,,永利高, , , , ,
934179,,明陞, , , , ,
914571,1.19,12bet/大发,平手,平手,1.08,0.80,0.72
934178,,明陞, , , , ,
934181,,ＳＢ, , , , ,
934180,,立博, , , , ,
935642,,盈禾, , , , ,
934179,,澳彩, , , , ,
914571,1.21,利记,平手,平手,0.99,0.89,0.70
934178,,澳彩, , , , ,
934181,1.025,Bet365,受让一球/球半,受让一球/球半,1.025,0.775,0.775
934180,,韦德, , , , ,
934179,,10BET, , , , ,
914571,,永利高, , , , ,
934178,0.68,10BET,球半,球半,0.82,0.94,1.11
934181,,立博, , , , ,
934180,,易胜, , , , ,
934182,,ＳＢ, , , , ,
934179,,金宝博, , , , ,
914571,0.70,盈禾,平手/半球,平手/半球,0.77,1.06,1.20
934178,0.60,金宝博,球半,球半,0.80,0.90,1.11
934181,,韦德, , , , ,
934180,,明陞, , , , ,
934182,,Bet365, , , , ,
934179,,12bet/大发, , , , ,
934178,,12bet/大发, , , , ,
934181,,易胜, , , , ,
934180,,澳彩, , , , ,
934184,,ＳＢ, , , , ,
934182,,立博, , , , ,
934179,,利记, , , , ,
934178,,利记, , , , ,
934181,,明陞, , , , ,
934180,0.71,10BET,平手/半球,平手/半球,0.91,0.85,1.09
934184,,Bet365, , , , ,
934182,,韦德, , , , ,
934179,,永利高, , , , ,
934178,,永利高, , , , ,
934181,,澳彩, , , , ,
934180,0.61,金宝博,平手/半球,平手/半球,0.95,0.75,1.29
934184,,立博, , , , ,
934051,,ＳＢ, , , , ,
934182,,易胜, , , , ,
934179,,盈禾, , , , ,
934178,0.60,盈禾,球半,球半,0.80,0.91,1.12
934181,,10BET, , , , ,
934180,,12bet/大发, , , , ,
934184,,韦德, , , , ,
934051,,Bet365, , , , ,
934182,,明陞, , , , ,
934181,,金宝博, , , , ,
934180,,利记, , , , ,
934184,,易胜, , , , ,
934051,,立博, , , , ,
934182,,澳彩, , , , ,
934052,,ＳＢ, , , , ,
934181,,12bet/大发, , , , ,
934180,,永利高, , , , ,
934184,,明陞, , , , ,
934051,,韦德, , , , ,
934182,,10BET, , , , ,
934052,,Bet365, , , , ,
934181,,利记, , , , ,
934180,0.61,盈禾,平手/半球,平手/半球,0.95,0.76,1.30
934184,,澳彩, , , , ,
934051,,易胜, , , , ,
934182,,金宝博, , , , ,
934052,,立博, , , , ,
934053,,ＳＢ, , , , ,
934181,,永利高, , , , ,
934184,,10BET, , , , ,
934051,,明陞, , , , ,
934182,,12bet/大发, , , , ,
934052,,韦德, , , , ,
934053,,Bet365, , , , ,
934181,,盈禾, , , , ,
934184,,金宝博, , , , ,
934051,,澳彩, , , , ,
934182,,利记, , , , ,
934052,,易胜, , , , ,
934053,,立博, , , , ,
934054,,ＳＢ, , , , ,
934184,,12bet/大发, , , , ,
934051,,10BET, , , , ,
934182,,永利高, , , , ,
934052,,明陞, , , , ,
934053,,韦德, , , , ,
934054,,Bet365, , , , ,
934184,,利记, , , , ,
934184,,永利高, , , , ,
934051,,金宝博, , , , ,
934182,,盈禾, , , , ,
934052,,澳彩, , , , ,
934053,,易胜, , , , ,
934055,,ＳＢ, , , , ,
934054,,立博, , , , ,
934184,,盈禾, , , , ,
934051,,12bet/大发, , , , ,
934052,,10BET, , , , ,
934053,,明陞, , , , ,
934055,,Bet365, , , , ,
934054,,韦德, , , , ,
934056,,ＳＢ, , , , ,
934051,,利记, , , , ,
934052,,金宝博, , , , ,
934052,,12bet/大发, , , , ,
934053,,澳彩, , , , ,
934055,,立博, , , , ,
934054,,易胜, , , , ,
934056,,Bet365, , , , ,
934051,,永利高, , , , ,
934052,,利记, , , , ,
934053,,10BET, , , , ,
934055,,韦德, , , , ,
934054,,明陞, , , , ,
934056,,立博, , , , ,
934057,,ＳＢ, , , , ,
934051,,盈禾, , , , ,
934052,,永利高, , , , ,
934053,,金宝博, , , , ,
934055,,易胜, , , , ,
934054,,澳彩, , , , ,
934056,,韦德, , , , ,
934057,,Bet365, , , , ,
934052,,盈禾, , , , ,
934053,,12bet/大发, , , , ,
934055,,明陞, , , , ,
934054,,10BET, , , , ,
934056,,易胜, , , , ,
934057,,立博, , , , ,
934058,,ＳＢ, , , , ,
934053,,利记, , , , ,
934055,,澳彩, , , , ,
934054,,金宝博, , , , ,
934056,,明陞, , , , ,
934057,,韦德, , , , ,
934058,,Bet365, , , , ,
934053,,永利高, , , , ,
934055,,10BET, , , , ,
934054,,12bet/大发, , , , ,
934056,,澳彩, , , , ,
934057,,易胜, , , , ,
934058,,立博, , , , ,
934059,,ＳＢ, , , , ,
934053,,盈禾, , , , ,
934055,,金宝博, , , , ,
934054,,利记, , , , ,
934056,,10BET, , , , ,
934057,,明陞, , , , ,
934058,,韦德, , , , ,
934059,,Bet365, , , , ,
934055,,12bet/大发, , , , ,
934054,,永利高, , , , ,
934056,,金宝博, , , , ,
934057,,澳彩, , , , ,
934058,,易胜, , , , ,
934059,,立博, , , , ,
934060,,ＳＢ, , , , ,
934055,,利记, , , , ,
934055,,永利高, , , , ,
934054,,盈禾, , , , ,
934056,,12bet/大发, , , , ,
934057,,10BET, , , , ,
934058,,明陞, , , , ,
934059,,韦德, , , , ,
934060,,Bet365, , , , ,
934055,,盈禾, , , , ,
934056,,利记, , , , ,
934057,,金宝博, , , , ,
934058,,澳彩, , , , ,
934059,,易胜, , , , ,
934060,,立博, , , , ,
934061,,ＳＢ, , , , ,
934056,,永利高, , , , ,
934056,,盈禾, , , , ,
934057,,12bet/大发, , , , ,
934058,,10BET, , , , ,
934059,,明陞, , , , ,
934060,,韦德, , , , ,
934061,,Bet365, , , , ,
934057,,利记, , , , ,
934058,,金宝博, , , , ,
934059,,澳彩, , , , ,
934060,,易胜, , , , ,
934062,,ＳＢ, , , , ,
934061,,立博, , , , ,
934057,,永利高, , , , ,
934057,,盈禾, , , , ,
934058,,12bet/大发, , , , ,
934059,,10BET, , , , ,
934060,,明陞, , , , ,
934062,,Bet365, , , , ,
934061,,韦德, , , , ,
934058,,利记, , , , ,
934059,,金宝博, , , , ,
934060,,澳彩, , , , ,
934062,,立博, , , , ,
934061,,易胜, , , , ,
934063,,ＳＢ, , , , ,
934058,,永利高, , , , ,
934059,,12bet/大发, , , , ,
934060,,10BET, , , , ,
934062,,韦德, , , , ,
934061,,明陞, , , , ,
934063,,Bet365, , , , ,
934058,,盈禾, , , , ,
934059,,利记, , , , ,
934060,,金宝博, , , , ,
934062,,易胜, , , , ,
934061,,澳彩, , , , ,
934063,,立博, , , , ,
934064,,ＳＢ, , , , ,
934059,,永利高, , , , ,
934060,,12bet/大发, , , , ,
934062,,明陞, , , , ,
934061,,10BET, , , , ,
934063,,韦德, , , , ,
934064,,Bet365, , , , ,
934059,,盈禾, , , , ,
934060,,利记, , , , ,
934062,,澳彩, , , , ,
934061,,金宝博, , , , ,
934063,,易胜, , , , ,
934064,,立博, , , , ,
934065,,ＳＢ, , , , ,
934060,,永利高, , , , ,
934062,,10BET, , , , ,
934061,,12bet/大发, , , , ,
934063,,明陞, , , , ,
934064,,韦德, , , , ,
934065,,Bet365, , , , ,
934060,,盈禾, , , , ,
934062,,金宝博, , , , ,
934061,,利记, , , , ,
934063,,澳彩, , , , ,
934064,,易胜, , , , ,
934065,,立博, , , , ,
934066,,ＳＢ, , , , ,
934062,,12bet/大发, , , , ,
934061,,永利高, , , , ,
934063,,10BET, , , , ,
934064,,明陞, , , , ,
934065,,韦德, , , , ,
934066,,Bet365, , , , ,
934062,,利记, , , , ,
934061,,盈禾, , , , ,
934063,,金宝博, , , , ,
934064,,澳彩, , , , ,
934065,,易胜, , , , ,
934066,,立博, , , , ,
934062,,永利高, , , , ,
934063,,12bet/大发, , , , ,
934063,,利记, , , , ,
934064,,10BET, , , , ,
934065,,明陞, , , , ,
935692,1.02,ＳＢ,半球/一球,半球/一球,0.91,0.85,0.80
934066,,韦德, , , , ,
934062,,盈禾, , , , ,
934063,,永利高, , , , ,
934064,,金宝博, , , , ,
934065,,澳彩, , , , ,
935692,1.075,Bet365,半球/一球,半球/一球,0.925,0.875,0.725
934066,,易胜, , , , ,
934063,,盈禾, , , , ,
934064,,12bet/大发, , , , ,
934065,,10BET, , , , ,
935692,,立博, , , , ,
934066,,明陞, , , , ,
934064,,利记, , , , ,
934065,,金宝博, , , , ,
935692,,韦德, , , , ,
934066,,澳彩, , , , ,
935693,0.97,ＳＢ,半球,半球,0.91,0.85,0.85
934064,,永利高, , , , ,
934064,,盈禾, , , , ,
934065,,12bet/大发, , , , ,
935692,1.12,易胜,半球/一球,半球/一球,1.12,0.83,0.83
934066,,10BET, , , , ,
935693,0.925,Bet365,半球,平手/半球,0.95,0.85,0.875
934065,,利记, , , , ,
935692,1.03,明陞,半球/一球,半球/一球,0.98,0.86,0.81
934066,,金宝博, , , , ,
935693,,立博, , , , ,
934065,,永利高, , , , ,
935692,,澳彩, , , , ,
934066,,12bet/大发, , , , ,
935693,,韦德, , , , ,
935694,2.08,ＳＢ,受让半球,受让半球,0.80,0.96,0.30
934065,,盈禾, , , , ,
935692,1.04,10BET,半球/一球,半球/一球,1.07,0.72,0.74
934066,,利记, , , , ,
935693,0.90,易胜,半球,半球,0.90,1.05,1.05
935694,1.60,Bet365,受让半球,受让半球,0.875,0.925,0.475
935692,1.16,金宝博,半球/一球,半球/一球,0.91,0.85,0.70
934066,,永利高, , , , ,
935693,0.92,明陞,半球,半球,0.92,0.92,0.92
935695,2.08,ＳＢ,半球/一球,半球/一球,0.96,0.80,0.30
935694,,立博, , , , ,
935692,1.03,12bet/大发,半球/一球,半球/一球,0.98,0.86,0.81
934066,,盈禾, , , , ,
935693,,澳彩, , , , ,
935695,1.425,Bet365,半球/一球,半球,1.00,0.80,0.525
935694,,韦德, , , , ,
935692,1.09,利记,半球/一球,半球/一球,1.06,0.78,0.75
935693,0.90,10BET,半球,半球,0.84,0.92,0.86
935695,,立博, , , , ,
935643,1.20,ＳＢ,平手/半球,平手/半球,0.86,0.90,0.65
935694,1.20,易胜,受让半球,受让半球,0.85,1.10,0.75
935691,,ＳＢ, , , , ,
935692,,永利高, , , , ,
935693,0.99,金宝博,半球,半球,0.91,0.85,0.85
935695,,韦德, , , , ,
935643,1.075,Bet365,平手/半球,平手/半球,0.75,1.05,0.725
935694,1.53,明陞,受让半球,受让半球,0.95,0.89,0.49
935691,,Bet365, , , , ,
935692,1.13,盈禾,半球/一球,半球/一球,0.91,0.86,0.71
935693,0.92,12bet/大发,半球,半球,0.92,0.92,0.92
935695,1.00,易胜,半球/一球,半球/一球,1.00,0.95,0.95
935643,,立博, , , , ,
935694,,澳彩, , , , ,
935713,,ＳＢ, , , , ,
935691,,立博, , , , ,
935693,0.94,利记,半球,半球,0.85,0.99,0.90
935695,1.33,明陞,半球/一球,半球/一球,0.96,0.88,0.59
935643,,韦德, , , , ,
935694,1.46,10BET,受让半球,受让半球,0.77,1.00,0.49
935713,0.90,Bet365,受让平手/半球,受让平手/半球,1.00,0.80,0.90
935691,,韦德, , , , ,
935693,,永利高, , , , ,
935693,0.97,盈禾,半球,半球,0.91,0.86,0.86
935695,,澳彩, , , , ,
935643,1.13,易胜,平手/半球,平手/半球,0.90,1.05,0.82
935694,1.81,金宝博,受让半球,受让半球,0.80,0.96,0.39
935713,,立博, , , , ,
935691,,易胜, , , , ,
935695,0.97,10BET,半球/一球,半球/一球,0.91,0.85,0.80
935643,1.06,明陞,平手/半球,平手/半球,0.86,0.98,0.78
935694,1.53,12bet/大发,受让半球,受让半球,0.95,0.89,0.49
935713,,韦德, , , , ,
935691,,明陞, , , , ,
935695,1.78,金宝博,半球/一球,半球/一球,0.96,0.80,0.40
935643,,澳彩, , , , ,
935694,1.51,利记,受让半球,受让半球,0.80,1.04,0.50
935713,1.07,易胜,受让半球,受让半球,1.07,0.88,0.88
935691,,澳彩, , , , ,
935695,1.33,12bet/大发,半球/一球,半球/一球,0.96,0.88,0.59
935643,1.07,10BET,平手/半球,平手/半球,0.77,1.00,0.71
935694,,永利高, , , , ,
935713,,明陞, , , , ,
935691,,10BET, , , , ,
935667,0.94,ＳＢ,半球,平手/半球,0.95,0.81,0.92
935695,1.17,利记,半球/一球,半球/一球,0.95,0.89,0.69
935643,1.17,金宝博,平手/半球,平手/半球,0.86,0.90,0.69
935694,1.74,盈禾,受让半球,受让半球,0.80,0.97,0.41
935713,,澳彩, , , , ,
935691,,金宝博, , , , ,
935667,1.025,Bet365,半球,平手/半球,1.05,0.75,0.775
928229,0.97,ＳＢ,半球/一球,半球/一球,1.00,0.82,0.85
935695,,永利高, , , , ,
935643,1.06,12bet/大发,平手/半球,平手/半球,0.86,0.98,0.78
935713,,10BET, , , , ,
935691,,12bet/大发, , , , ,
935667,,立博, , , , ,
928229,1.20,Bet365,半球,半球,1.025,0.775,0.65
935695,1.28,盈禾,半球/一球,半球/一球,0.96,0.81,0.61
935643,1.09,利记,平手/半球,平手/半球,0.80,1.04,0.75
935713,,金宝博, , , , ,
935691,,利记, , , , ,
935667,,韦德, , , , ,
928229,,立博, , , , ,
935643,,永利高, , , , ,
935713,,12bet/大发, , , , ,
935691,,永利高, , , , ,
935667,1.12,易胜,半球,平手/半球,1.07,0.78,0.83
928229,,韦德, , , , ,
935643,1.20,盈禾,平手/半球,平手/半球,0.86,0.91,0.66
935713,1.07,利记,受让半球,受让平手/半球,0.94,0.90,0.77
935691,,盈禾, , , , ,
935667,1.05,明陞,半球,平手/半球,1.38,0.52,0.83
928229,1.20,易胜,半球,半球,1.10,0.85,0.75
935690,1.04,ＳＢ,平手/半球,平手,0.85,0.99,0.80
935713,,永利高, , , , ,
935667,,澳彩, , , , ,
928229,0.86,明陞,半球/一球,半球,1.04,0.80,0.98
935690,1.05,Bet365,平手/半球,平手,0.875,0.925,0.75
929361,0.84,ＳＢ,一球,一球,0.96,0.80,0.92
935713,,盈禾, , , , ,
935667,1.01,10BET,半球,半球,1.02,0.75,0.76
928229,,澳彩, , , , ,
935690,,立博, , , , ,
929361,1.025,Bet365,一球,一球,0.975,0.825,0.775
935667,1.03,金宝博,平手/半球,平手/半球,0.91,0.85,0.73
928229,0.95,10BET,半球/一球,半球,1.00,0.77,0.81
935690,,韦德, , , , ,
929361,,立博, , , , ,
934070,0.97,ＳＢ,半球,半球,0.85,0.99,0.87
935924,0.42,ＳＢ,平手/半球,半球,0.98,0.78,1.51
935667,1.05,12bet/大发,半球,平手/半球,1.38,0.52,0.83
928229,0.98,金宝博,半球/一球,半球/一球,1.01,0.83,0.86
935690,1.30,易胜,平手,平手,0.97,0.98,0.65
929361,0.77,韦德,一球/球半,一球/球半,0.80,0.98,1.02
934070,0.975,Bet365,半球,半球,1.00,0.80,0.825
935925,0.81,ＳＢ,受让平手/半球,受让平手/半球,0.68,1.08,0.95
935924,0.75,Bet365,平手,平手,0.80,1.00,1.05
935667,1.07,利记,半球,半球,1.08,0.80,0.81
928229,0.86,12bet/大发,半球/一球,半球,1.04,0.80,0.98
935690,1.08,明陞,平手/半球,平手,1.00,0.88,0.80
929361,1.00,易胜,一球,一球,1.00,0.90,0.90
934070,,立博, , , , ,
935925,0.75,Bet365,平手/半球,平手/半球,0.80,1.00,1.05
935924,,立博, , , , ,
935667,,永利高, , , , ,
928229,1.20,利记,半球,半球,1.05,0.79,0.67
935690,,澳彩, , , , ,
929361,1.00,明陞,一球,一球,0.98,0.82,0.80
934070,,韦德, , , , ,
935925,,立博, , , , ,
935924,,韦德, , , , ,
935667,1.06,盈禾,半球,平手/半球,0.91,0.86,0.81
928229,,永利高, , , , ,
935690,1.04,10BET,平手/半球,平手,0.86,0.90,0.74
929361,,澳彩, , , , ,
934070,1.18,易胜,半球,半球,0.90,1.05,0.77
935925,,韦德, , , , ,
935924,,易胜, , , , ,
928229,0.97,盈禾,半球/一球,半球/一球,1.00,0.83,0.86
935690,1.09,金宝博,平手/半球,平手,0.86,1.00,0.79
929361,0.99,10BET,一球,一球,0.94,0.82,0.78
934070,0.98,明陞,半球,半球,0.76,1.13,0.90
935925,,易胜, , , , ,
929382,1.19,ＳＢ,半球,半球,0.99,0.77,0.60
935924,,明陞, , , , ,
935690,1.08,12bet/大发,平手/半球,平手,1.00,0.88,0.80
929361,0.89,金宝博,一球,一球,0.96,0.80,0.91
934070,,澳彩, , , , ,
935925,,明陞, , , , ,
929382,1.25,Bet365,半球,半球,1.00,0.80,0.625
935924,,澳彩, , , , ,
935690,1.07,利记,平手/半球,平手,1.00,0.88,0.81
929361,1.00,12bet/大发,一球,一球,0.98,0.82,0.80
934070,1.02,10BET,半球,半球,0.72,1.07,0.75
935925,,澳彩, , , , ,
929382,,立博, , , , ,
935924,,10BET, , , , ,
935690,,永利高, , , , ,
929361,1.00,利记,一球,一球,0.95,0.85,0.80
934070,1.01,金宝博,半球,半球,0.86,1.00,0.87
935925,,10BET, , , , ,
929382,0.95,韦德,半球/一球,半球/一球,0.80,0.98,0.820
935924,0.53,金宝博,平手/半球,半球,0.95,0.81,1.29
929392,0.70,ＳＢ,半球,半球,0.91,0.85,1.06
935690,1.02,盈禾,平手/半球,平手,0.85,1.00,0.83
929361,,永利高, , , , ,
934070,1.00,12bet/大发,半球,半球,0.76,1.13,0.88
935925,0.90,金宝博,受让平手/半球,受让平手/半球,0.81,0.95,0.86
929382,1.30,易胜,半球,半球,1.03,0.87,0.65
935924,,12bet/大发, , , , ,
888929,1.13,ＳＢ,受让平手/半球,受让半球,1.05,0.81,0.76
929392,0.75,Bet365,半球,半球,0.925,0.875,1.05
929361,0.96,盈禾,一球,一球,0.96,0.81,0.81
934070,1.16,利记,半球,半球,0.76,1.13,0.74
935925,,12bet/大发, , , , ,
929382,1.17,明陞,半球,半球,1.00,0.80,0.65
935924,,利记, , , , ,
888929,1.025,Bet365,受让平手/半球,受让半球,0.925,0.875,0.775
929392,,立博, , , , ,
934070,,永利高, , , , ,
934070,1.02,盈禾,半球,半球,0.85,1.00,0.83
935925,,利记, , , , ,
929382,,澳彩, , , , ,
935924,,永利高, , , , ,
888929,,立博, , , , ,
929392,1.00,韦德,半球,半球,0.91,0.87,0.79
870538,0.95,ＳＢ,平手,平手,0.96,0.90,0.93
935925,,永利高, , , , ,
929382,1.22,10BET,半球,半球,0.95,0.81,0.62
935924,0.67,盈禾,半球,半球,0.98,0.79,1.11
888929,1.10,韦德,受让平手/半球,受让半球,1.02,0.87,0.80
929392,0.88,易胜,半球,半球,1.08,0.77,1.02
870538,0.95,Bet365,平手,平手,0.95,0.90,0.90
935925,0.81,盈禾,受让平手/半球,受让平手/半球,0.75,1.02,0.96
929382,1.25,金宝博,半球,半球,0.99,0.77,0.60
888929,1.10,易胜,受让平手/半球,受让半球,1.05,0.90,0.85
929392,0.65,明陞,半球,半球,0.92,0.88,1.17
870538,,立博, , , , ,
929382,1.17,12bet/大发,半球,半球,1.00,0.80,0.65
888929,1.11,明陞,受让平手/半球,受让半球,1.00,0.90,0.80
929392,,澳彩, , , , ,
870540,1.12,ＳＢ,受让平手/半球,平手,1.03,0.83,0.77
870538,0.99,韦德,平手,平手,0.91,0.86,0.79
929382,1.00,利记,半球,半球,0.98,0.82,0.80
888929,,澳彩, , , , ,
929392,0.78,10BET,半球,半球,1.05,0.73,0.99
870540,0.775,Bet365,平手,平手,1.025,0.825,1.10
870538,1.12,易胜,平手,平手,1.05,0.90,0.83
929382,,永利高, , , , ,
888929,1.02,10BET,受让平手/半球,受让半球,0.97,0.84,0.79
929392,0.79,金宝博,半球,半球,0.91,0.85,1.01
870540,,立博, , , , ,
870538,0.99,明陞,平手,平手,0.95,0.95,0.91
929382,1.19,盈禾,半球,半球,0.99,0.78,0.61
888929,1.08,金宝博,受让平手/半球,受让半球,1.02,0.86,0.82
929392,0.65,12bet/大发,半球,半球,0.92,0.88,1.17
870540,0.76,韦德,平手,平手,0.97,0.810,1.03
870538,,澳彩, , , , ,
870541,0.85,ＳＢ,半球/一球,一球,0.88,0.98,1.03
870542,0.92,ＳＢ,半球,半球,1.06,0.80,0.96
888929,1.11,12bet/大发,受让平手/半球,受让半球,1.00,0.90,0.80
929392,1.02,利记,半球,半球,0.90,0.90,0.78
870540,0.83,易胜,平手,平手,0.95,1.00,1.12
870538,1.03,10BET,平手,平手,0.90,0.90,0.78
870541,0.85,Bet365,半球/一球,一球,0.775,1.10,1.00
870542,0.925,Bet365,半球,半球,1.05,0.80,0.925
870544,1.00,ＳＢ,平手/半球,半球,0.96,0.90,0.88
888929,1.00,利记,受让平手/半球,受让半球,0.98,0.92,0.90
929392,,永利高, , , , ,
870540,0.75,明陞,平手,平手,1.06,0.84,1.17
870538,1.09,金宝博,平手,平手,0.81,1.07,0.81
870541,,立博, , , , ,
870542,,立博, , , , ,
870544,1.00,Bet365,平手/半球,半球,0.95,0.90,0.85
888929,,永利高, , , , ,
929392,0.68,盈禾,半球,半球,0.91,0.86,1.09
870540,,澳彩, , , , ,
870538,0.99,12bet/大发,平手,平手,0.95,0.95,0.91
870541,0.87,韦德,半球/一球,一球,0.775,1.01,0.90
870542,0.940,韦德,半球,半球/一球,0.77,1.02,0.84
870544,,立博, , , , ,
888929,1.13,盈禾,受让平手/半球,受让半球,0.95,0.92,0.77
870540,0.70,10BET,平手,平手,1.00,0.80,1.15
870538,1.13,利记,平手,平手,0.98,0.92,0.78
870541,0.98,易胜,半球/一球,一球,0.87,1.08,0.97
870542,1.07,易胜,半球,半球,1.10,0.85,0.88
870544,1.02,韦德,平手/半球,半球,0.88,0.89,0.77
870540,1.13,金宝博,受让平手/半球,平手,1.04,0.84,0.78
870538,,永利高, , , , ,
870541,0.88,明陞,半球/一球,一球,0.80,1.11,1.02
870542,1.01,明陞,半球,半球,1.11,0.80,0.89
870544,0.85,易胜,半球,半球,0.97,0.98,1.10
870545,0.87,ＳＢ,半球/一球,半球/一球,0.85,1.01,1.01
870540,0.75,12bet/大发,平手,平手,1.06,0.84,1.17
870538,1.08,盈禾,平手,平手,0.80,1.07,0.81
870541,,澳彩, , , , ,
870542,,澳彩, , , , ,
870544,0.78,明陞,半球,半球,0.98,0.92,1.13
870545,0.85,Bet365,半球/一球,半球/一球,0.825,1.025,1.00
870546,0.88,ＳＢ,半球/一球,一球,0.77,1.09,1.00
870540,0.81,利记,平手,平手,1.06,0.84,1.09
870541,0.90,10BET,半球/一球,一球,0.78,1.03,0.90
870542,0.98,10BET,半球,半球,1.04,0.77,0.83
870544,,澳彩, , , , ,
870545,,立博, , , , ,
870546,0.85,Bet365,半球/一球,一球,0.70,1.20,1.00
870540,,永利高, , , , ,
870540,1.12,盈禾,受让平手/半球,平手,1.03,0.84,0.78
870541,0.90,金宝博,半球/一球,一球,0.96,0.92,1.00
870542,0.98,金宝博,半球,半球,1.07,0.81,0.92
870544,0.74,10BET,半球,半球,0.95,0.86,1.09
870545,0.820,韦德,半球/一球,半球/一球,0.820,0.96,0.95
870546,,立博, , , , ,
870541,0.88,12bet/大发,半球/一球,一球,0.80,1.11,1.02
870542,1.01,12bet/大发,半球,半球,1.11,0.80,0.89
870544,1.04,金宝博,平手/半球,半球,0.97,0.91,0.86
870545,0.92,易胜,半球/一球,半球/一球,0.90,1.05,1.03
870546,0.83,韦德,半球/一球,半球/一球,1.03,0.76,0.95
870547,1.00,ＳＢ,一球,半球/一球,0.96,0.90,0.88
921179,0.85,ＳＢ,半球/一球,半球/一球,0.95,0.75,0.85
870541,0.95,利记,半球/一球,一球,0.80,1.11,0.95
870542,0.98,利记,半球,半球,1.08,0.82,0.92
870544,0.78,12bet/大发,半球,半球,0.98,0.92,1.13
870545,0.87,明陞,半球/一球,半球/一球,0.84,1.06,1.03
870546,0.90,易胜,半球/一球,一球,0.75,1.20,1.05
870547,0.975,Bet365,一球,半球/一球,0.975,0.875,0.875
921179,0.875,Bet365,半球/一球,半球/一球,1.075,0.725,0.925
932643,,ＳＢ, , , , ,
870541,,永利高, , , , ,
870542,,永利高, , , , ,
870544,1.00,利记,平手/半球,半球,0.94,0.96,0.90
870545,,澳彩, , , , ,
870546,0.87,明陞,半球/一球,一球,0.71,1.23,1.03
870547,,立博, , , , ,
921179,,立博, , , , ,
932643,,Bet365, , , , ,
932656,,ＳＢ, , , , ,
870541,0.84,盈禾,半球/一球,一球,0.95,0.92,1.05
870542,0.97,盈禾,半球,半球,1.06,0.81,0.92
870544,,永利高, , , , ,
870545,0.82,10BET,半球/一球,半球/一球,0.80,1.00,0.99
870546,,澳彩, , , , ,
870547,0.95,韦德,半球/一球,半球/一球,0.930,0.85,0.83
921179,,韦德, , , , ,
932643,,立博, , , , ,
932656,,Bet365, , , , ,
870544,1.03,盈禾,平手/半球,半球,0.96,0.91,0.86
870545,0.85,金宝博,半球/一球,半球/一球,0.86,1.02,1.05
870546,0.84,10BET,半球/一球,一球,0.70,1.14,0.97
870547,0.93,易胜,一球,半球/一球,1.00,0.95,1.02
921179,1.05,易胜,半球/一球,半球/一球,1.05,0.85,0.85
932643,,韦德, , , , ,
932656,,立博, , , , ,
870545,0.87,12bet/大发,半球/一球,半球/一球,0.84,1.06,1.03
870546,0.88,金宝博,半球/一球,一球,0.82,1.06,1.02
870547,1.02,明陞,一球,半球/一球,1.00,0.90,0.88
921179,0.84,明陞,半球/一球,半球/一球,0.98,0.78,0.92
932643,,易胜, , , , ,
932656,,韦德, , , , ,
870545,0.85,利记,半球/一球,半球/一球,0.83,1.07,1.05
870546,0.87,12bet/大发,半球/一球,一球,0.71,1.23,1.03
870547,,澳彩, , , , ,
921179,,澳彩, , , , ,
932643,,明陞, , , , ,
932656,,易胜, , , , ,
870545,,永利高, , , , ,
870546,0.87,利记,半球/一球,一球,0.72,1.21,1.03
870547,0.99,10BET,半球/一球,半球/一球,0.95,0.86,0.82
921179,,10BET, , , , ,
932643,,澳彩, , , , ,
932656,,明陞, , , , ,
870545,0.87,盈禾,半球/一球,半球/一球,0.85,1.02,1.02
870546,,永利高, , , , ,
870547,0.95,金宝博,一球,半球/一球,0.97,0.91,0.95
921179,0.85,金宝博,半球/一球,半球/一球,0.95,0.75,0.85
932643,,10BET, , , , ,
932656,,澳彩, , , , ,
929381,0.55,ＳＢ,一球/球半,一球/球半,0.96,0.80,1.26
870546,0.87,盈禾,半球/一球,一球,0.81,1.06,1.02
870547,1.02,12bet/大发,一球,半球/一球,1.00,0.90,0.88
921179,0.84,12bet/大发,半球/一球,半球/一球,0.98,0.78,0.92
932643,,金宝博, , , , ,
932656,,10BET, , , , ,
929381,0.575,Bet365,一球/球半,一球/球半,0.975,0.825,1.35
870547,1.00,利记,一球,半球/一球,1.00,0.90,0.90
921179,,利记, , , , ,
932643,,12bet/大发, , , , ,
932656,,金宝博, , , , ,
929381,,立博, , , , ,
935697,1.06,ＳＢ,受让平手/半球,受让平手/半球,0.95,0.81,0.70
934185,0.70,ＳＢ,半球,半球,0.80,0.90,1.00
870547,,永利高, , , , ,
870547,0.96,盈禾,一球,半球/一球,0.96,0.91,0.93
921179,,永利高, , , , ,
932643,,利记, , , , ,
932656,,12bet/大发, , , , ,
929381,0.810,韦德,一球,一球/球半,0.97,0.810,0.97
935697,1.20,Bet365,受让平手/半球,受让平手/半球,0.975,0.825,0.65
934185,0.75,Bet365,半球,半球,0.925,0.875,1.05
921179,0.85,盈禾,半球/一球,半球/一球,0.95,0.76,0.86
932643,,永利高, , , , ,
932656,,利记, , , , ,
929381,0.79,易胜,一球/球半,一球/球半,0.79,1.11,1.11
935697,,立博, , , , ,
934185,,立博, , , , ,
932643,,盈禾, , , , ,
932656,,永利高, , , , ,
929381,0.52,明陞,一球/球半,一球/球半,0.98,0.82,1.38
935697,0.78,韦德,平手,受让平手/半球,0.96,0.820,1.01
870537,0.98,ＳＢ,受让平手/半球,平手,0.88,0.98,0.90
934185,0.84,韦德,半球,半球,0.84,0.940,0.940
932656,,盈禾, , , , ,
929381,,澳彩, , , , ,
935697,1.05,易胜,受让平手/半球,受让平手/半球,1.05,0.85,0.85
870537,0.975,Bet365,受让平手/半球,平手,0.825,1.025,0.875
934185,0.85,易胜,半球,半球,0.85,0.95,0.95
934183,1.05,ＳＢ,一球/球半,一球/球半,0.90,0.80,0.65
929381,0.58,10BET,一球/球半,一球/球半,0.70,1.09,1.24
935697,1.28,明陞,受让平手/半球,受让平手/半球,0.98,0.82,0.58
870537,,立博, , , , ,
934185,,明陞, , , , ,
934183,1.075,Bet365,一球/球半,一球/球半,0.725,1.075,0.725
929381,0.53,金宝博,一球/球半,一球/球半,0.96,0.80,1.36
935697,,澳彩, , , , ,
870537,1.03,韦德,受让平手/半球,平手,0.84,0.940,0.76
934185,,澳彩, , , , ,
934183,,立博, , , , ,
929381,0.52,12bet/大发,一球/球半,一球/球半,0.98,0.82,1.38
935697,1.16,10BET,受让平手/半球,受让平手/半球,0.98,0.80,0.66
870537,0.85,易胜,平手,平手,0.87,1.08,1.10
934185,0.82,10BET,半球,半球,0.82,0.94,0.94
934183,,韦德, , , , ,
934708,0.70,ＳＢ,平手/半球,平手/半球,0.80,0.96,1.13
919068,1.17,ＳＢ,受让平手/半球,受让平手/半球,0.85,0.85,0.55
929381,0.70,利记,一球/球半,一球/球半,0.95,0.85,1.11
935697,1.11,金宝博,受让平手/半球,受让平手/半球,0.95,0.81,0.70
870537,1.01,明陞,受让平手/半球,平手,0.85,1.05,0.89
934185,0.70,金宝博,半球,半球,0.80,0.90,1.00
934183,0.95,易胜,一球/球半,一球/球半,0.95,0.85,0.85
934708,0.75,Bet365,平手/半球,平手/半球,0.80,1.00,1.05
919068,1.25,Bet365,受让平手/半球,受让平手/半球,0.90,0.90,0.625
929381,,永利高, , , , ,
935697,1.28,12bet/大发,受让平手/半球,受让平手/半球,0.98,0.82,0.58
870537,,澳彩, , , , ,
934185,,12bet/大发, , , , ,
934183,,明陞, , , , ,
934708,,立博, , , , ,
919068,,立博, , , , ,
929381,0.55,盈禾,一球/球半,一球/球半,0.96,0.81,1.28
935697,1.02,利记,受让平手/半球,受让平手/半球,1.00,0.80,0.78
870537,1.00,10BET,受让平手/半球,平手,0.80,1.00,0.80
934185,,利记, , , , ,
934183,,澳彩, , , , ,
934708,0.99,韦德,平手/半球,平手/半球,0.99,0.79,0.79
919068,,韦德, , , , ,
935697,,永利高, , , , ,
870537,1.02,金宝博,受让平手/半球,平手,0.89,0.99,0.88
934185,,永利高, , , , ,
934183,1.10,10BET,一球/球半,一球/球半,0.94,0.82,0.66
934708,0.82,易胜,平手/半球,平手/半球,1.08,0.87,1.13
919068,1.30,易胜,受让平手/半球,受让平手/半球,1.30,0.60,0.60
935697,1.06,盈禾,受让平手/半球,受让平手/半球,0.95,0.82,0.71
870537,0.99,12bet/大发,受让平手/半球,平手,0.85,1.05,0.91
934185,0.70,盈禾,半球,半球,0.80,0.91,1.01
934183,1.05,金宝博,一球/球半,一球/球半,0.90,0.80,0.65
934708,0.80,明陞,平手/半球,平手/半球,1.16,0.72,1.06
919068,1.25,明陞,受让平手/半球,受让平手/半球,0.88,0.88,0.56
935696,1.07,ＳＢ,一球/球半,一球/球半,0.91,0.85,0.75
935658,0.66,ＳＢ,平手/半球,平手/半球,0.75,1.01,1.25
870537,1.07,利记,受让平手/半球,平手,0.90,1.00,0.83
934183,,12bet/大发, , , , ,
934708,,澳彩, , , , ,
919068,,澳彩, , , , ,
935696,1.15,Bet365,一球/球半,一球/球半,0.925,0.875,0.675
935658,0.65,Bet365,平手/半球,平手/半球,0.775,1.025,1.20
870537,,永利高, , , , ,
934183,,利记, , , , ,
934708,0.99,10BET,平手/半球,平手/半球,1.11,0.69,0.79
919068,,10BET, , , , ,
935696,,立博, , , , ,
935658,,立博, , , , ,
870537,0.98,盈禾,受让平手/半球,平手,0.88,0.99,0.91
934183,,永利高, , , , ,
934708,0.72,金宝博,平手/半球,平手/半球,0.80,0.96,1.13
919068,1.17,金宝博,受让平手/半球,受让平手/半球,0.85,0.85,0.55
935696,,韦德, , , , ,
935658,,韦德, , , , ,
935668,0.70,ＳＢ,半球/一球,一球/球半,0.99,0.77,1.19
914568,1.09,ＳＢ,受让一球/球半,受让一球/球半,1.01,0.81,0.77
934183,1.05,盈禾,一球/球半,一球/球半,0.90,0.81,0.66
934708,0.80,12bet/大发,平手/半球,平手/半球,1.16,0.72,1.06
919068,1.25,12bet/大发,受让平手/半球,受让平手/半球,0.88,0.88,0.56
935696,1.13,易胜,一球/球半,一球/球半,0.95,1.00,0.82
935658,0.80,易胜,平手/半球,平手/半球,0.80,1.05,1.15
935668,0.675,Bet365,半球/一球,一球/球半,1.00,0.80,1.15
914568,1.05,Bet365,受让一球/球半,受让一球/球半,1.00,0.80,0.75
934708,0.78,利记,平手/半球,平手/半球,1.04,0.82,1.08
919068,,利记, , , , ,
935696,1.04,明陞,一球/球半,一球/球半,0.94,0.86,0.80
935658,0.68,明陞,平手/半球,平手/半球,0.90,0.90,1.25
935668,,立博, , , , ,
914568,,立博, , , , ,
934708,,永利高, , , , ,
919068,,永利高, , , , ,
935696,,澳彩, , , , ,
935658,,澳彩, , , , ,
935668,,韦德, , , , ,
914569,0.76,ＳＢ,平手/半球,平手/半球,0.80,1.02,1.11
914568,,韦德, , , , ,
934708,0.70,盈禾,平手/半球,平手/半球,0.95,0.88,1.14
919068,1.18,盈禾,受让平手/半球,受让平手/半球,0.85,0.86,0.56
935696,1.14,10BET,一球/球半,一球/球半,0.90,0.86,0.68
935658,0.65,10BET,平手/半球,平手/半球,0.85,0.90,1.17
935668,0.60,易胜,一球,一球/球半,0.55,1.35,1.35
914569,0.70,Bet365,平手/半球,平手/半球,0.80,1.00,1.10
914568,1.07,易胜,受让一球/球半,受让一球/球半,1.07,0.88,0.88
935696,1.08,金宝博,一球/球半,一球/球半,0.91,0.85,0.76
935658,0.67,金宝博,平手/半球,平手/半球,0.75,1.01,1.26
935668,0.70,明陞,半球/一球,一球/球半,0.48,1.47,1.21
914569,,立博, , , , ,
914568,1.12,明陞,受让一球/球半,受让一球/球半,1.02,0.82,0.77
935696,1.04,12bet/大发,一球/球半,一球/球半,0.94,0.86,0.80
935658,0.68,12bet/大发,平手/半球,平手/半球,0.90,0.90,1.25
935668,,澳彩, , , , ,
914569,,韦德, , , , ,
914568,,澳彩, , , , ,
935696,1.11,利记,一球/球半,一球/球半,0.90,0.94,0.74
935658,0.69,利记,平手/半球,平手/半球,0.91,0.97,1.23
935668,0.69,10BET,半球/一球,一球,0.65,1.17,1.11
914569,0.83,易胜,平手/半球,平手/半球,0.87,1.08,1.12
914572,0.71,ＳＢ,一球,一球/球半,0.85,0.97,1.17
914568,1.04,10BET,受让一球/球半,受让一球/球半,0.98,0.79,0.74
935696,,永利高, , , , ,
935658,,永利高, , , , ,
935668,0.71,金宝博,半球/一球,一球/球半,0.99,0.77,1.20
914569,0.72,明陞,平手/半球,平手/半球,0.81,1.03,1.19
914572,0.75,Bet365,一球,一球/球半,0.825,0.975,1.05
914568,1.07,金宝博,受让一球/球半,受让一球/球半,1.02,0.82,0.81
935696,1.13,盈禾,一球/球半,一球/球半,0.91,0.86,0.71
935658,0.66,盈禾,平手/半球,平手/半球,0.75,1.02,1.26
935668,0.70,12bet/大发,半球/一球,一球/球半,0.48,1.47,1.21
914569,,澳彩, , , , ,
914572,,立博, , , , ,
914568,1.12,12bet/大发,受让一球/球半,受让一球/球半,1.02,0.82,0.77
935668,0.66,利记,半球/一球,一球,0.69,1.23,1.28
914569,0.69,10BET,平手/半球,平手/半球,0.78,0.99,1.11
914572,,韦德, , , , ,
914568,1.11,利记,受让一球/球半,受让一球/球半,1.03,0.85,0.78
932963,0.99,ＳＢ,受让半球,受让半球/一球,0.88,1.00,0.89
935668,,永利高, , , , ,
914569,0.77,金宝博,平手/半球,平手/半球,0.81,1.03,1.12
914572,0.92,易胜,一球,一球/球半,0.75,1.20,1.03
914568,,永利高, , , , ,
932963,0.90,Bet365,受让半球,受让半球/一球,0.85,0.95,0.90
918083,1.06,ＳＢ,平手,平手/半球,0.76,1.13,0.86
935668,0.70,盈禾,半球/一球,一球/球半,0.99,0.78,1.20
914569,0.72,12bet/大发,平手/半球,平手/半球,0.81,1.03,1.19
914572,0.82,明陞,一球,一球/球半,0.76,1.08,1.06
914568,1.10,盈禾,受让一球/球半,受让一球/球半,1.01,0.82,0.78
932963,,立博, , , , ,
888926,1.11,ＳＢ,半球,半球,0.85,1.01,0.78
918083,1.05,Bet365,平手,平手/半球,0.775,1.15,0.875
914569,0.74,利记,平手/半球,平手/半球,0.80,1.08,1.16
914572,,澳彩, , , , ,
932963,,韦德, , , , ,
888926,1.025,Bet365,半球,半球,0.95,0.85,0.775
918083,0.99,立博,平手,平手/半球,0.75,1.01,0.76
914569,,永利高, , , , ,
914569,0.76,盈禾,平手/半球,平手/半球,0.80,1.03,1.12
914572,0.81,10BET,一球,一球/球半,0.74,1.04,0.96
932963,1.02,易胜,受让半球,受让半球/一球,1.05,0.90,0.93
888926,0.85,立博,半球,半球,0.89,0.88,0.92
888930,0.68,ＳＢ,平手,平手/半球,0.77,1.09,1.25
918083,1.03,韦德,平手,平手/半球,0.90,0.99,0.86
914572,0.78,金宝博,一球,一球/球半,0.86,0.98,1.11
932963,0.95,明陞,受让半球,受让半球/一球,0.96,0.94,0.95
888926,0.97,韦德,半球,半球,0.98,0.90,0.91
888930,0.675,Bet365,平手,平手/半球,0.70,1.10,1.15
918083,1.05,易胜,平手,平手,1.10,0.85,0.90
888931,0.72,ＳＢ,平手/半球,平手/半球,0.96,0.90,1.19
914572,0.82,12bet/大发,一球,一球/球半,0.76,1.08,1.06
932963,,澳彩, , , , ,
888926,1.10,易胜,半球,半球,0.95,1.00,0.85
888930,0.96,立博,平手,平手,0.96,0.820,0.820
918083,1.07,明陞,平手,平手/半球,0.92,0.98,0.88
888931,0.675,Bet365,平手/半球,平手/半球,0.875,0.925,1.15
914572,0.87,利记,一球,一球,0.95,0.93,1.01
932963,0.89,10BET,受让半球,受让半球/一球,0.86,0.90,0.87
888926,1.08,明陞,半球,半球,0.93,0.97,0.82
888930,0.79,韦德,平手/半球,平手,1.09,0.810,1.12
918083,0.94,澳彩,平手,平手,1.06,0.80,0.92
888931,,立博, , , , ,
888932,0.77,ＳＢ,受让平手/半球,受让平手/半球,0.83,1.03,1.12
914572,,永利高, , , , ,
932963,0.96,金宝博,受让半球,受让半球/一球,0.89,1.01,0.94
888926,,澳彩, , , , ,
888930,0.70,易胜,平手,平手/半球,0.75,1.20,1.25
918083,1.01,10BET,平手,平手/半球,0.76,1.15,0.86
888931,1.04,韦德,平手,平手/半球,0.90,0.99,0.85
888932,0.725,Bet365,受让平手/半球,受让平手/半球,0.90,0.90,1.075
935638,0.52,ＳＢ,一球,一球/球半,0.80,0.96,1.42
914572,0.75,盈禾,一球,一球/球半,0.85,0.98,1.13
932963,0.95,12bet/大发,受让半球,受让半球/一球,0.96,0.94,0.95
888926,0.97,10BET,半球,半球,0.89,0.90,0.84
888930,0.72,明陞,平手,平手/半球,0.77,1.14,1.21
918083,1.05,金宝博,平手,平手/半球,0.77,1.14,0.90
888931,0.90,易胜,平手/半球,平手/半球,0.90,1.05,1.05
888932,0.83,立博,受让平手/半球,受让平手/半球,0.91,0.86,0.95
935638,0.625,Bet365,一球,一球/球半,0.825,0.975,1.25
932963,0.94,利记,受让半球,受让半球/一球,0.95,0.95,0.96
888926,1.11,金宝博,半球,半球,0.98,0.90,0.80
888930,,澳彩, , , , ,
918083,1.07,12bet/大发,平手,平手/半球,0.92,0.98,0.88
888931,0.70,明陞,平手/半球,平手/半球,0.90,1.00,1.25
888932,0.87,韦德,受让平手/半球,受让平手/半球,0.930,0.95,1.03
935638,,立博, , , , ,
932963,,永利高, , , , ,
888926,1.08,12bet/大发,半球,半球,0.93,0.97,0.82
888930,0.71,10BET,平手,平手/半球,0.71,1.12,1.12
918083,1.02,利记,平手,平手,1.12,0.82,0.93
888931,,澳彩, , , , ,
888932,0.80,易胜,受让平手/半球,受让平手/半球,0.90,1.05,1.15
935638,,韦德, , , , ,
935688,0.65,ＳＢ,半球/一球,半球/一球,0.85,0.99,1.26
932963,0.96,盈禾,受让半球,受让半球/一球,0.88,1.01,0.93
888926,1.09,利记,半球,半球,1.01,0.89,0.81
888930,0.73,金宝博,平手,平手/半球,0.78,1.11,1.20
918083,,永利高, , , , ,
888931,0.70,10BET,平手/半球,平手/半球,0.87,0.93,1.14
888932,0.81,明陞,受让平手/半球,受让平手/半球,0.86,1.04,1.09
935638,0.67,易胜,一球,一球/球半,0.70,1.15,1.28
935688,0.675,Bet365,半球/一球,半球/一球,0.85,0.95,1.15
934766,,ＳＢ, , , , ,
888926,,永利高, , , , ,
888930,0.72,12bet/大发,平手,平手/半球,0.77,1.14,1.21
918083,1.04,盈禾,平手,平手/半球,0.76,1.14,0.89
888931,0.73,金宝博,平手/半球,平手/半球,0.88,1.00,1.20
888932,,澳彩, , , , ,
935638,,明陞, , , , ,
935688,,立博, , , , ,
934766,,Bet365, , , , ,
888926,1.11,盈禾,半球,半球,0.85,1.02,0.79
888930,0.69,利记,平手,平手/半球,0.75,1.17,1.26
888931,0.70,12bet/大发,平手/半球,平手/半球,0.90,1.00,1.25
888932,0.80,10BET,受让平手/半球,受让平手/半球,0.89,0.91,1.01
935638,,澳彩, , , , ,
935688,,韦德, , , , ,
934766,,立博, , , , ,
888930,,永利高, , , , ,
888931,0.72,利记,平手/半球,平手/半球,0.92,0.98,1.21
888932,0.78,金宝博,受让平手/半球,受让平手/半球,0.93,0.95,1.13
935638,0.66,10BET,一球,一球/球半,0.81,1.00,1.22
935688,,易胜, , , , ,
934766,,韦德, , , , ,
888930,0.68,盈禾,平手,平手/半球,0.77,1.11,1.26
888931,,永利高, , , , ,
888932,0.81,12bet/大发,受让平手/半球,受让平手/半球,0.86,1.04,1.09
935638,0.58,金宝博,一球,一球/球半,0.80,0.96,1.35
935688,0.68,明陞,半球/一球,半球/一球,0.80,1.08,1.25
934766,,易胜, , , , ,
929362,0.86,ＳＢ,受让半球,受让半球/一球,0.99,0.77,0.90
934767,,ＳＢ, , , , ,
888931,0.73,盈禾,平手/半球,平手/半球,0.88,0.99,1.21
888932,0.78,利记,受让平手/半球,受让平手/半球,0.94,0.96,1.13
935638,,12bet/大发, , , , ,
935688,,澳彩, , , , ,
934766,,明陞, , , , ,
929362,0.85,Bet365,受让半球,受让半球/一球,1.00,0.80,0.95
934767,,Bet365, , , , ,
888932,,永利高, , , , ,
935638,0.65,利记,一球,一球,0.95,0.91,1.26
935688,0.65,10BET,半球/一球,半球/一球,0.84,0.92,1.18
934766,,澳彩, , , , ,
929362,,立博, , , , ,
934767,,立博, , , , ,
888932,0.77,盈禾,受让平手/半球,受让平手/半球,0.98,0.89,1.13
935638,,永利高, , , , ,
935688,0.66,金宝博,半球/一球,半球/一球,0.89,0.97,1.28
934766,,10BET, , , , ,
929362,0.96,韦德,受让半球,受让半球,0.78,1.01,0.820
934767,,韦德, , , , ,
935638,0.52,盈禾,一球,一球/球半,0.80,0.97,1.44
935688,0.68,12bet/大发,半球/一球,半球/一球,0.80,1.08,1.25
934766,,金宝博, , , , ,
929362,0.98,易胜,受让半球,受让半球/一球,1.07,0.78,0.92
934767,,易胜, , , , ,
935688,,利记, , , , ,
934766,,12bet/大发, , , , ,
929362,0.94,明陞,受让半球,受让半球/一球,1.02,0.78,0.86
934767,,明陞, , , , ,
935146,0.98,ＳＢ,平手/半球,平手/半球,0.80,0.96,0.90
935688,,永利高, , , , ,
934766,,利记, , , , ,
929362,,澳彩, , , , ,
934767,,澳彩, , , , ,
935146,1.025,Bet365,平手/半球,平手/半球,0.90,0.95,0.825
935688,0.65,盈禾,半球/一球,半球/一球,0.88,0.97,1.28
934766,,永利高, , , , ,
929362,0.86,10BET,受让半球,受让半球/一球,1.28,0.57,0.90
934767,,10BET, , , , ,
935146,0.99,立博,平手/半球,平手/半球,0.91,0.86,0.79
885915,0.85,ＳＢ,平手,受让平手/半球,0.88,0.88,0.97
934766,,盈禾, , , , ,
929362,0.92,金宝博,受让半球,受让半球/一球,0.99,0.77,0.88
934767,,金宝博, , , , ,
935146,1.01,韦德,平手/半球,平手/半球,0.810,0.97,0.775
885915,0.875,Bet365,平手,受让平手/半球,0.90,0.90,0.925
935639,1.02,ＳＢ,平手,平手/半球,1.11,0.78,0.88
885914,1.20,ＳＢ,平手/半球,平手/半球,0.91,0.85,0.65
929362,0.94,12bet/大发,受让半球,受让半球/一球,1.02,0.78,0.86
934767,,12bet/大发, , , , ,
935146,1.05,易胜,平手/半球,平手/半球,1.08,0.87,0.90
885915,,立博, , , , ,
935639,1.00,Bet365,平手,平手/半球,1.00,0.80,0.80
885914,1.20,Bet365,平手/半球,平手/半球,0.90,0.90,0.65
929362,0.64,利记,受让平手/半球,受让半球/一球,1.05,0.75,1.25
934767,,利记, , , , ,
935146,1.03,明陞,平手/半球,平手/半球,1.04,0.86,0.87
885915,,韦德, , , , ,
935639,,立博, , , , ,
885914,,立博, , , , ,
929362,,永利高, , , , ,
934767,,永利高, , , , ,
935146,,澳彩, , , , ,
885915,1.20,易胜,受让平手/半球,受让平手/半球,1.03,0.92,0.75
935639,1.03,韦德,平手,平手/半球,1.05,0.85,0.87
885914,,韦德, , , , ,
885916,0.67,ＳＢ,半球,半球,0.85,0.91,1.17
929362,0.86,盈禾,受让半球,受让半球/一球,0.99,0.78,0.91
934767,,盈禾, , , , ,
935146,1.00,10BET,平手/半球,平手/半球,0.80,1.06,0.85
885915,1.25,明陞,受让平手/半球,受让平手/半球,1.00,0.84,0.64
935639,1.05,易胜,平手,半球,0.80,1.15,0.90
885914,1.25,易胜,平手/半球,平手/半球,0.95,1.00,0.70
885916,0.70,Bet365,半球,半球,0.85,0.95,1.10
935146,1.04,金宝博,平手/半球,平手/半球,0.80,0.96,0.86
885915,,澳彩, , , , ,
935639,1.03,明陞,平手,平手/半球,1.11,0.82,0.89
885914,1.16,明陞,平手/半球,平手/半球,0.88,0.96,0.70
885916,,立博, , , , ,
885917,1.13,ＳＢ,平手,平手,0.96,0.80,0.70
935146,1.03,12bet/大发,平手/半球,平手/半球,1.04,0.86,0.87
885915,0.82,10BET,平手,受让平手/半球,0.97,0.84,0.99
935639,0.70,澳彩,平手/半球,平手/半球,1.04,0.80,1.14
885914,,澳彩, , , , ,
885916,,韦德, , , , ,
885917,1.10,Bet365,平手,平手,0.975,0.825,0.70
827698,,ＳＢ, , , , ,
935146,1.04,利记,平手/半球,平手/半球,0.93,0.97,0.86
885915,0.86,金宝博,平手,受让平手/半球,0.87,0.89,0.98
935639,1.04,10BET,平手,平手/半球,1.06,0.80,0.81
885914,1.20,10BET,平手/半球,平手/半球,1.28,0.59,0.67
885916,0.90,易胜,半球,半球,0.90,1.05,1.05
885917,,立博, , , , ,
827698,0.85,Bet365,一球/球半,一球,0.95,0.85,0.95
935146,,永利高, , , , ,
935146,1.00,盈禾,平手/半球,平手/半球,0.80,0.97,0.89
885915,1.25,12bet/大发,受让平手/半球,受让平手/半球,1.00,0.84,0.64
935639,1.06,金宝博,平手,平手/半球,1.12,0.79,0.86
885914,1.21,金宝博,平手/半球,平手/半球,0.90,0.86,0.66
885916,0.72,明陞,半球,半球,0.84,1.00,1.13
885917,,韦德, , , , ,
827698,,立博, , , , ,
885915,0.88,利记,平手,受让平手/半球,0.98,0.86,0.96
935639,1.03,12bet/大发,平手,平手/半球,1.11,0.82,0.89
885914,1.16,12bet/大发,平手/半球,平手/半球,0.88,0.96,0.70
885916,,澳彩, , , , ,
885917,1.15,易胜,平手,平手,1.03,0.92,0.80
827698,,韦德, , , , ,
885915,,永利高, , , , ,
935639,1.07,利记,平手,平手/半球,1.11,0.82,0.85
885914,1.25,利记,平手/半球,平手/半球,1.13,0.72,0.64
885916,0.75,10BET,半球,半球,0.84,0.97,1.07
885917,1.16,明陞,平手,平手,0.98,0.86,0.70
827698,1.13,易胜,一球,一球,1.13,0.82,0.82
934405,0.92,ＳＢ,受让球半/两球,受让球半/两球,0.83,0.99,0.90
885915,0.80,盈禾,平手,受让平手/半球,0.88,0.89,1.03
935639,,永利高, , , , ,
885914,,永利高, , , , ,
885916,0.70,金宝博,半球,半球,0.84,0.92,1.16
885917,,澳彩, , , , ,
827698,1.21,明陞,一球,一球,1.06,0.78,0.66
934405,0.725,Bet365,受让球半/两球,受让球半/两球,0.825,0.975,1.075
935639,1.03,盈禾,平手,平手/半球,1.04,0.85,0.88
885914,1.20,盈禾,平手/半球,平手/半球,0.91,0.86,0.66
885916,0.72,12bet/大发,半球,半球,0.84,1.00,1.13
885917,1.12,10BET,平手,平手,0.94,0.86,0.71
827698,,澳彩, , , , ,
934405,,立博, , , , ,
935682,1.02,ＳＢ,平手/半球,平手,1.03,0.85,0.86
885916,0.81,利记,半球,半球,0.85,0.99,1.03
885917,1.14,金宝博,平手,平手,0.95,0.81,0.71
827698,1.16,10BET,一球,一球,0.98,0.83,0.68
934405,0.97,韦德,受让两球,受让球半/两球,0.810,0.97,0.810
935682,1.00,Bet365,平手/半球,平手,1.10,0.775,0.85
885916,,永利高, , , , ,
885916,0.72,盈禾,半球,半球,0.85,0.92,1.12
885917,1.16,12bet/大发,平手,平手,0.98,0.86,0.70
827698,,金宝博, , , , ,
934405,0.90,易胜,受让球半/两球,受让球半/两球,0.90,1.05,1.05
935683,0.99,ＳＢ,平手,平手,0.83,1.05,0.89
935682,,立博, , , , ,
885917,1.05,利记,平手,平手,0.97,0.87,0.79
827698,1.21,12bet/大发,一球,一球,1.06,0.78,0.66
934405,0.82,明陞,受让球半/两球,受让球半/两球,0.86,0.98,1.02
935683,0.975,Bet365,平手,平手,0.825,1.025,0.875
935682,0.99,韦德,平手/半球,平手,1.05,0.84,0.89
885917,,永利高, , , , ,
827698,0.88,利记,一球/球半,一球,1.00,0.84,0.96
934405,,澳彩, , , , ,
935683,,立博, , , , ,
935682,1.35,易胜,平手,平手,1.08,0.87,0.60
885917,1.13,盈禾,平手,平手,0.96,0.81,0.71
827698,,永利高, , , , ,
934405,0.81,10BET,受让球半/两球,受让球半/两球,0.84,1.00,1.04
935683,0.83,韦德,平手,平手,0.84,1.05,1.06
935682,1.51,明陞,平手,平手,1.07,0.83,0.56
887561,,ＳＢ, , , , ,
859910,1.28,ＳＢ,受让平手/半球,受让平手/半球,0.90,0.98,0.66
827698,,盈禾, , , , ,
934405,0.88,金宝博,受让球半/两球,受让球半/两球,0.84,1.00,0.96
935683,0.92,易胜,平手,平手,0.92,1.03,1.03
935682,,澳彩, , , , ,
887561,,Bet365, , , , ,
921177,1.56,ＳＢ,受让平手/半球,受让平手/半球,0.95,0.75,0.40
859910,1.20,Bet365,受让平手/半球,受让平手/半球,0.85,1.00,0.70
934405,0.82,12bet/大发,受让球半/两球,受让球半/两球,0.86,0.98,1.02
935683,0.98,明陞,平手,平手,0.95,0.95,0.92
935682,0.97,10BET,平手/半球,平手,1.03,0.81,0.86
887561,,立博, , , , ,
921177,1.30,Bet365,受让平手/半球,受让平手/半球,1.25,0.625,0.60
859910,,立博, , , , ,
934405,,利记, , , , ,
934405,,永利高, , , , ,
935683,,澳彩, , , , ,
935682,1.00,金宝博,平手/半球,平手,1.04,0.86,0.90
887561,,韦德, , , , ,
921177,,立博, , , , ,
933602,,ＳＢ, , , , ,
859910,0.89,韦德,受让平手/半球,受让平手/半球,0.83,0.95,0.88
934405,0.87,盈禾,受让球半/两球,受让球半/两球,0.83,1.00,0.96
935683,0.85,10BET,平手,平手,0.92,0.92,1.00
935682,1.51,12bet/大发,平手,平手,1.07,0.83,0.56
887561,,易胜, , , , ,
921177,,韦德, , , , ,
933602,0.975,Bet365,受让一球,受让一球,0.975,0.825,0.825
859910,1.18,易胜,受让平手/半球,受让平手/半球,0.92,1.03,0.77
935683,0.97,金宝博,平手,平手,0.84,1.06,0.93
935682,1.36,利记,平手,平手,1.11,0.80,0.63
887561,,明陞, , , , ,
921177,1.20,易胜,受让平手/半球,受让平手/半球,1.20,0.65,0.65
933602,,立博, , , , ,
931256,,ＳＢ, , , , ,
859910,1.23,明陞,受让平手/半球,受让平手/半球,0.90,1.00,0.71
935683,0.98,12bet/大发,平手,平手,0.95,0.95,0.92
935682,,永利高, , , , ,
887561,,澳彩, , , , ,
921177,1.19,明陞,受让平手/半球,受让平手/半球,0.98,0.78,0.60
933602,,韦德, , , , ,
931256,1.075,Bet365,半球,半球,1.075,0.725,0.725
859910,,澳彩, , , , ,
935709,,ＳＢ, , , , ,
935683,0.82,利记,平手,平手,0.94,0.96,1.08
935682,0.99,盈禾,平手/半球,平手,1.03,0.86,0.90
887561,,10BET, , , , ,
921177,,澳彩, , , , ,
933602,,易胜, , , , ,
931256,,立博, , , , ,
859910,1.08,10BET,受让平手/半球,受让平手/半球,0.84,0.97,0.75
935709,0.825,Bet365,平手,平手,0.825,0.975,0.975
935683,,永利高, , , , ,
887561,,金宝博, , , , ,
887561,,12bet/大发, , , , ,
921177,,10BET, , , , ,
933602,,明陞, , , , ,
931256,,韦德, , , , ,
859910,1.20,金宝博,受让平手/半球,受让平手/半球,0.91,0.99,0.73
935709,,立博, , , , ,
935710,,ＳＢ, , , , ,
935683,0.93,盈禾,平手,平手,0.83,1.06,0.96
887561,,利记, , , , ,
921177,1.35,金宝博,受让平手/半球,受让平手/半球,0.95,0.75,0.50
933602,,澳彩, , , , ,
931256,,易胜, , , , ,
859910,1.23,12bet/大发,受让平手/半球,受让平手/半球,0.90,1.00,0.71
935709,,韦德, , , , ,
935710,,Bet365, , , , ,
887561,,永利高, , , , ,
887561,,盈禾, , , , ,
921177,1.19,12bet/大发,受让平手/半球,受让平手/半球,0.98,0.78,0.60
933602,,10BET, , , , ,
931256,,明陞, , , , ,
859910,1.17,利记,受让平手/半球,受让平手/半球,0.88,1.02,0.75
935709,,易胜, , , , ,
935710,,立博, , , , ,
935711,,ＳＢ, , , , ,
921177,,利记, , , , ,
921177,,永利高, , , , ,
933602,,金宝博, , , , ,
931256,,澳彩, , , , ,
859910,,永利高, , , , ,
935709,,明陞, , , , ,
935710,,韦德, , , , ,
935711,,Bet365, , , , ,
921177,1.35,盈禾,受让平手/半球,受让平手/半球,0.95,0.76,0.51
933602,,12bet/大发, , , , ,
931256,,10BET, , , , ,
859910,1.25,盈禾,受让平手/半球,受让平手/半球,0.90,0.99,0.69
935709,,澳彩, , , , ,
935710,,易胜, , , , ,
935711,,立博, , , , ,
935712,,ＳＢ, , , , ,
933602,,利记, , , , ,
931256,,金宝博, , , , ,
935709,,10BET, , , , ,
935710,,明陞, , , , ,
935711,,韦德, , , , ,
935712,,Bet365, , , , ,
933602,,永利高, , , , ,
931256,,12bet/大发, , , , ,
935709,,金宝博, , , , ,
935710,,澳彩, , , , ,
935711,,易胜, , , , ,
935712,,立博, , , , ,
935712,,韦德, , , , ,
935935,,ＳＢ, , , , ,
933602,,盈禾, , , , ,
931256,,利记, , , , ,
935709,,12bet/大发, , , , ,
935710,,10BET, , , , ,
935711,,明陞, , , , ,
935712,,易胜, , , , ,
935935,,Bet365, , , , ,
931256,,永利高, , , , ,
931256,,盈禾, , , , ,
935709,,利记, , , , ,
935710,,金宝博, , , , ,
935711,,澳彩, , , , ,
935712,,明陞, , , , ,
935935,,立博, , , , ,
931257,,ＳＢ, , , , ,
935709,,永利高, , , , ,
935710,,12bet/大发, , , , ,
935711,,10BET, , , , ,
935712,,澳彩, , , , ,
935935,,韦德, , , , ,
931257,,Bet365, , , , ,
935709,,盈禾, , , , ,
935710,,利记, , , , ,
935711,,金宝博, , , , ,
935712,,10BET, , , , ,
935935,,易胜, , , , ,
931257,,立博, , , , ,
935710,,永利高, , , , ,
935711,,12bet/大发, , , , ,
935712,,金宝博, , , , ,
935935,,明陞, , , , ,
931257,,韦德, , , , ,
935710,,盈禾, , , , ,
935711,,利记, , , , ,
935712,,12bet/大发, , , , ,
935935,,澳彩, , , , ,
931257,,易胜, , , , ,
935926,0.59,ＳＢ,平手/半球,平手/半球,0.73,1.03,1.20
935711,,永利高, , , , ,
935712,,利记, , , , ,
935935,,10BET, , , , ,
931257,,明陞, , , , ,
935926,0.775,Bet365,平手/半球,平手/半球,0.775,1.025,1.025
935711,,盈禾, , , , ,
935712,,永利高, , , , ,
935935,,金宝博, , , , ,
931257,,澳彩, , , , ,
935705,,ＳＢ, , , , ,
935926,,立博, , , , ,
935712,,盈禾, , , , ,
935935,,12bet/大发, , , , ,
931257,,10BET, , , , ,
935705,,Bet365, , , , ,
935926,,韦德, , , , ,
935935,,利记, , , , ,
935935,,永利高, , , , ,
931257,,金宝博, , , , ,
935705,,立博, , , , ,
935926,,易胜, , , , ,
871011,0.72,ＳＢ,受让半球,受让半球,0.83,1.05,1.19
935935,,盈禾, , , , ,
931257,,12bet/大发, , , , ,
935705,,韦德, , , , ,
935926,,明陞, , , , ,
871011,0.725,Bet365,受让半球,受让半球,0.775,1.10,1.15
931257,,利记, , , , ,
935705,,易胜, , , , ,
935926,,澳彩, , , , ,
871011,,立博, , , , ,
931257,,永利高, , , , ,
931257,,盈禾, , , , ,
935705,,明陞, , , , ,
935926,,10BET, , , , ,
871011,0.96,韦德,受让半球/一球,受让半球/一球,0.92,0.86,0.820
935705,,澳彩, , , , ,
935926,0.58,金宝博,平手/半球,平手/半球,0.72,1.04,1.21
871011,0.77,易胜,受让半球,受让半球,0.77,1.18,1.18
935705,,10BET, , , , ,
935705,,金宝博, , , , ,
935926,,12bet/大发, , , , ,
871011,0.75,明陞,受让半球,受让半球,0.78,1.13,1.17
931326,0.94,ＳＢ,平手/半球,受让平手/半球,0.88,1.00,0.96
935705,,12bet/大发, , , , ,
935926,,利记, , , , ,
871011,,澳彩, , , , ,
931326,0.875,Bet365,平手/半球,受让平手/半球,1.00,0.90,1.025
935705,,利记, , , , ,
935926,,永利高, , , , ,
871011,0.74,10BET,受让半球,受让半球,0.81,0.99,1.09
931326,0.92,立博,平手,受让平手/半球,0.820,0.91,0.820
935705,,永利高, , , , ,
935926,0.67,盈禾,平手/半球,平手/半球,0.73,1.04,1.11
871011,0.72,金宝博,受让半球,受让半球,0.81,1.09,1.21
931326,0.78,韦德,平手/半球,受让平手/半球,0.84,1.03,1.11
935705,,盈禾, , , , ,
871011,0.75,12bet/大发,受让半球,受让半球,0.78,1.13,1.17
931326,1.05,易胜,平手,受让半球,1.15,0.80,0.90
871011,0.80,利记,受让半球,受让半球,0.79,1.12,1.11
931326,0.92,明陞,平手/半球,受让平手/半球,0.93,0.99,1.00
918033,1.07,ＳＢ,半球/一球,一球,0.87,1.01,0.85
871011,,永利高, , , , ,
871011,0.75,盈禾,受让半球,受让半球,0.83,1.06,1.16
931326,0.82,澳彩,平手/半球,受让半球,1.04,0.82,1.04
918033,1.075,Bet365,半球/一球,一球,0.875,1.025,0.85
931326,0.83,10BET,平手/半球,受让平手/半球,0.81,1.03,1.01
918033,0.85,立博,一球,一球,0.85,0.88,0.88
918032,1.08,ＳＢ,一球,球半,0.82,1.06,0.84
931326,0.93,金宝博,平手/半球,受让平手/半球,0.84,1.08,0.99
918033,1.09,韦德,半球/一球,一球,0.88,1.01,0.810
918032,1.10,Bet365,一球,球半,0.85,1.05,0.825
931326,0.90,12bet/大发,平手/半球,受让平手/半球,0.93,0.99,1.02
918033,0.88,易胜,一球,一球,0.90,1.05,1.07
918032,0.80,立博,一球/球半,球半,0.85,0.88,0.940
931326,0.90,利记,平手/半球,受让平手/半球,0.86,1.06,1.02
918033,1.08,明陞,半球/一球,一球,0.85,1.05,0.87
918032,1.06,韦德,一球,球半,0.86,1.03,0.84
918072,0.93,ＳＢ,一球/球半,球半,0.72,1.19,0.98
931326,,永利高, , , , ,
918033,0.78,澳彩,一球,一球,0.90,0.96,1.08
918032,0.87,易胜,一球/球半,一球/球半,1.05,0.90,1.08
918072,0.925,Bet365,一球/球半,球半,0.75,1.175,1.00
931326,0.85,盈禾,平手/半球,受让平手/半球,0.82,1.07,1.06
918033,0.76,10BET,一球,一球,0.86,1.01,1.15
918032,1.11,明陞,一球,球半,0.82,1.08,0.85
918072,0.89,立博,一球/球半,一球/球半,0.84,0.89,0.84
918033,1.09,金宝博,半球/一球,一球,0.88,1.02,0.86
918032,0.76,澳彩,一球/球半,球半,0.88,0.98,1.10
918072,0.92,韦德,一球/球半,一球/球半,1.03,0.84,0.96
918082,1.06,ＳＢ,两球/两球半,两球/两球半,1.09,0.79,0.85
918033,1.08,12bet/大发,半球/一球,一球,0.85,1.05,0.87
918032,1.03,10BET,一球,球半,0.86,1.01,0.85
918072,0.95,易胜,一球/球半,一球/球半,1.05,0.90,1.00
918082,1.05,Bet365,两球/两球半,两球/两球半,1.10,0.80,0.875
902616,,ＳＢ, , , , ,
918093,1.01,ＳＢ,半球,半球,1.06,0.82,0.91
918073,1.08,ＳＢ,半球/一球,半球,1.16,0.74,0.84
918033,1.09,利记,半球/一球,一球,0.94,0.99,0.86
918032,1.11,金宝博,一球,球半,0.85,1.05,0.85
918072,0.97,明陞,一球/球半,球半,0.82,1.08,0.98
918082,0.80,立博,两球半,两球半,0.80,0.930,0.940
902616,1.00,Bet365,半球,半球,1.00,0.80,0.80
918093,1.025,Bet365,半球,半球,1.075,0.825,0.90
918073,1.075,Bet365,半球/一球,半球,1.225,0.725,0.85
918033,,永利高, , , , ,
918032,1.12,12bet/大发,一球,球半,0.82,1.08,0.84
918072,0.95,澳彩,一球/球半,一球/球半,1.00,0.86,0.91
918082,1.06,韦德,两球/两球半,两球半,0.89,0.98,0.84
902616,,立博, , , , ,
918093,0.78,立博,半球/一球,半球/一球,0.79,0.95,0.96
918073,0.87,立博,半球/一球,半球/一球,0.84,0.90,0.86
918092,0.92,ＳＢ,两球,球半/两球,1.03,0.85,0.99
918033,1.08,盈禾,半球/一球,一球,0.87,1.02,0.85
918032,1.09,利记,一球,球半,0.88,1.05,0.86
918072,0.91,10BET,一球/球半,一球/球半,1.00,0.89,0.97
918082,0.80,易胜,两球半,两球半,0.95,1.00,1.15
902616,,韦德, , , , ,
918093,1.01,韦德,半球,半球,1.02,0.87,0.88
918073,1.04,韦德,半球/一球,半球/一球,0.84,1.04,0.85
918092,0.95,Bet365,两球,球半/两球,1.05,0.85,0.975
871202,1.12,ＳＢ,两球,两球,1.03,0.81,0.75
935700,0.78,ＳＢ,一球,一球,0.96,0.80,0.98
918032,,永利高, , , , ,
918072,0.97,金宝博,一球/球半,球半,0.73,1.20,0.98
918082,1.06,明陞,两球/两球半,两球/两球半,1.11,0.80,0.89
902616,,易胜, , , , ,
918093,1.05,易胜,半球,半球,1.13,0.82,0.90
918073,1.25,易胜,半球,半球/一球,1.07,0.88,0.70
918092,0.85,立博,两球,两球,0.76,0.98,0.88
871202,1.15,Bet365,两球,两球/两球半,0.95,0.90,0.725
935700,0.825,Bet365,一球,一球,0.975,0.825,0.975
918032,1.08,盈禾,一球,球半,0.82,1.07,0.85
918072,0.97,12bet/大发,一球/球半,球半,0.86,1.04,0.98
918082,1.04,澳彩,两球/两球半,两球半,0.84,1.02,0.82
902616,,明陞, , , , ,
918093,1.02,明陞,半球,半球,0.97,0.93,0.93
918073,1.08,明陞,半球/一球,半球,1.11,0.80,0.87
918092,0.92,韦德,两球,球半/两球,1.03,0.86,0.96
871202,0.78,立博,两球半,两球半,0.820,0.91,0.96
935700,,立博, , , , ,
931258,,ＳＢ, , , , ,
934605,0.85,ＳＢ,平手/半球,平手/半球,0.81,0.95,0.91
918072,0.97,利记,一球/球半,一球/球半,1.06,0.87,0.98
918082,1.02,10BET,两球/两球半,两球/两球半,1.08,0.81,0.86
902616,,澳彩, , , , ,
918093,1.00,澳彩,半球,半球,1.08,0.78,0.86
918073,1.04,澳彩,半球/一球,半球/一球,0.96,0.90,0.82
918092,0.75,易胜,两球,两球,0.90,1.05,1.20
871202,0.930,韦德,两球/两球半,两球,1.05,0.83,0.930
935700,,韦德, , , , ,
931258,,Bet365, , , , ,
934605,0.825,Bet365,平手/半球,平手/半球,0.825,0.975,0.975
918072,,永利高, , , , ,
918082,1.07,金宝博,两球/两球半,两球/两球半,1.11,0.80,0.88
902616,,10BET, , , , ,
918093,1.00,10BET,半球,半球,1.05,0.84,0.89
918073,0.96,10BET,半球/一球,半球/一球,0.94,0.94,0.90
918092,0.96,明陞,两球,球半/两球,1.00,0.90,0.99
871202,1.20,易胜,两球,两球,1.08,0.87,0.75
935700,1.00,易胜,一球,一球,1.00,0.85,0.85
931258,,立博, , , , ,
934605,,立博, , , , ,
918072,0.95,盈禾,一球/球半,球半,0.75,1.16,0.97
918082,1.06,12bet/大发,两球/两球半,两球/两球半,1.11,0.80,0.89
902616,,金宝博, , , , ,
918093,1.04,金宝博,半球,半球,1.07,0.83,0.91
918073,1.11,金宝博,半球/一球,半球,1.21,0.72,0.85
918092,1.11,澳彩,球半/两球,球半/两球,1.02,0.84,0.75
871202,1.19,明陞,两球,球半/两球,1.25,0.70,0.74
935700,0.81,明陞,一球,一球,0.98,0.82,0.99
931258,,韦德, , , , ,
934605,,韦德, , , , ,
918082,1.05,利记,两球/两球半,两球半,0.86,1.07,0.90
902616,,12bet/大发, , , , ,
918093,1.03,12bet/大发,半球,半球,0.97,0.93,0.92
918073,1.09,12bet/大发,半球/一球,半球,1.11,0.80,0.86
918092,0.91,10BET,两球,球半/两球,1.05,0.84,0.97
871202,,澳彩, , , , ,
935700,,澳彩, , , , ,
931258,,易胜, , , , ,
934605,0.85,易胜,平手/半球,平手/半球,0.85,1.00,1.00
918082,,永利高, , , , ,
902616,,利记, , , , ,
918093,1.04,利记,半球,半球/一球,0.85,1.08,0.91
918073,1.07,利记,半球/一球,半球/一球,1.00,0.93,0.88
918092,0.95,金宝博,两球,球半/两球,1.04,0.86,1.00
871202,1.12,10BET,两球,球半/两球,1.22,0.68,0.75
935700,0.83,10BET,一球,一球,1.00,0.80,0.98
931258,,明陞, , , , ,
934425,0.82,ＳＢ,半球/一球,半球/一球,0.83,1.05,1.08
934605,0.80,明陞,平手/半球,平手/半球,0.82,0.98,1.00
918082,1.07,盈禾,两球/两球半,两球/两球半,1.10,0.80,0.85
902616,,永利高, , , , ,
918093,,永利高, , , , ,
918073,,永利高, , , , ,
918092,0.96,12bet/大发,两球,球半/两球,1.00,0.90,0.99
871202,1.17,金宝博,两球,两球,1.05,0.83,0.75
935700,0.78,金宝博,一球,一球,0.96,0.80,0.98
931258,,澳彩, , , , ,
934425,0.80,Bet365,半球/一球,半球/一球,0.875,0.975,1.05
934605,,澳彩, , , , ,
902616,,盈禾, , , , ,
918093,1.00,盈禾,半球,半球,1.03,0.86,0.93
918073,1.07,盈禾,半球/一球,半球,1.16,0.75,0.86
918092,0.97,利记,两球,球半/两球,1.08,0.85,0.98
871202,1.13,12bet/大发,两球,球半/两球,1.25,0.70,0.78
935700,0.81,12bet/大发,一球,一球,0.98,0.82,0.99
931258,,10BET, , , , ,
934425,,立博, , , , ,
934605,0.80,10BET,平手/半球,平手/半球,0.97,0.84,1.00
918092,,永利高, , , , ,
871202,1.20,利记,两球,两球,1.00,0.90,0.73
935700,0.86,利记,一球,一球,1.00,0.80,0.94
931258,,金宝博, , , , ,
934425,0.78,韦德,半球/一球,半球/一球,0.79,0.99,1.01
934605,0.84,金宝博,平手/半球,平手/半球,0.81,0.95,0.92
918092,0.94,盈禾,两球,球半/两球,1.03,0.86,0.98
871202,,永利高, , , , ,
935700,,永利高, , , , ,
931258,,12bet/大发, , , , ,
934425,1.15,易胜,半球,半球,1.15,0.80,0.80
934426,1.04,ＳＢ,半球,半球,1.03,0.85,0.86
934605,0.80,12bet/大发,平手/半球,平手/半球,0.82,0.98,1.00
871202,1.12,盈禾,两球,两球,1.03,0.82,0.76
935700,0.78,盈禾,一球,一球,0.96,0.81,0.99
931258,,利记, , , , ,
934425,0.82,明陞,半球/一球,半球/一球,0.93,0.99,1.11
934426,1.025,Bet365,半球,半球,1.00,0.85,0.825
934605,,利记, , , , ,
931258,,永利高, , , , ,
934425,0.80,澳彩,半球/一球,半球/一球,0.78,0.98,0.96
934426,,立博, , , , ,
934605,,永利高, , , , ,
915254,,ＳＢ, , , , ,
934427,0.88,ＳＢ,平手/半球,平手/半球,0.98,0.90,1.00
931258,,盈禾, , , , ,
934425,0.80,10BET,半球/一球,半球/一球,0.83,1.02,1.05
934426,0.80,韦德,半球/一球,半球,0.97,0.810,0.98
934605,0.85,盈禾,平手/半球,平手/半球,0.81,0.96,0.92
915254,,Bet365, , , , ,
934427,0.90,Bet365,平手/半球,平手/半球,1.00,0.85,0.95
934428,1.08,ＳＢ,平手,平手/半球,0.85,1.03,0.80
934689,,ＳＢ, , , , ,
934425,0.83,金宝博,半球/一球,半球/一球,0.84,1.06,1.09
934426,1.15,易胜,半球,半球,1.05,0.90,0.80
915254,,立博, , , , ,
934427,,立博, , , , ,
934428,1.10,Bet365,平手,平手/半球,0.85,1.00,0.775
934689,1.025,Bet365,球半/两球,球半/两球,1.025,0.775,0.775
934425,0.82,12bet/大发,半球/一球,半球/一球,0.93,0.99,1.11
934426,1.07,明陞,半球,半球,1.02,0.90,0.85
915254,,韦德, , , , ,
934427,0.84,韦德,平手/半球,平手/半球,0.96,0.820,0.930
934428,,立博, , , , ,
934689,,立博, , , , ,
934690,,ＳＢ, , , , ,
934425,0.84,利记,半球/一球,半球/一球,0.85,1.07,1.08
934426,0.94,澳彩,半球,半球,0.98,0.78,0.82
915254,,易胜, , , , ,
934427,0.90,易胜,平手/半球,半球,0.80,1.15,1.05
934428,1.06,韦德,平手,平手/半球,0.820,0.96,0.74
934689,,韦德, , , , ,
934690,0.90,Bet365,受让一球/球半,受让一球/球半,0.90,0.90,0.90
934425,,永利高, , , , ,
934426,0.94,10BET,半球,半球,0.96,0.89,0.90
915254,,明陞, , , , ,
934427,0.92,明陞,平手/半球,平手/半球,1.05,0.87,1.00
934428,1.15,易胜,平手,平手,1.10,0.85,0.80
934689,,易胜, , , , ,
934690,,立博, , , , ,
885918,,ＳＢ, , , , ,
934425,0.80,盈禾,半球/一球,半球/一球,0.83,1.06,1.12
934426,1.05,金宝博,半球,半球,1.04,0.86,0.87
915254,,澳彩, , , , ,
934427,1.16,澳彩,平手,平手/半球,1.02,0.74,0.60
934428,1.12,明陞,平手,平手/半球,0.87,1.05,0.81
934689,,明陞, , , , ,
934690,,韦德, , , , ,
885918,,Bet365, , , , ,
934426,1.07,12bet/大发,半球,半球,1.02,0.90,0.85
915254,,10BET, , , , ,
934427,0.88,10BET,平手/半球,平手/半球,1.00,0.84,0.96
934428,1.04,澳彩,平手,平手,0.98,0.78,0.72
934689,,澳彩, , , , ,
934690,,易胜, , , , ,
885918,,立博, , , , ,
903177,,ＳＢ, , , , ,
934426,1.07,利记,半球,半球,1.00,0.92,0.85
915254,,金宝博, , , , ,
934427,0.93,金宝博,平手/半球,平手/半球,0.99,0.91,0.99
934428,1.09,10BET,平手,平手/半球,0.85,1.00,0.77
934689,,10BET, , , , ,
934690,,明陞, , , , ,
885918,,韦德, , , , ,
903177,0.90,Bet365,平手,平手,0.90,0.90,0.90
934426,,永利高, , , , ,
915254,,12bet/大发, , , , ,
934427,0.92,12bet/大发,平手/半球,平手/半球,1.05,0.87,1.00
934428,1.09,金宝博,平手,平手/半球,0.86,1.04,0.83
934689,,金宝博, , , , ,
934690,,澳彩, , , , ,
885918,,易胜, , , , ,
903177,,立博, , , , ,
902615,,ＳＢ, , , , ,
934426,1.04,盈禾,半球,半球,1.03,0.86,0.87
915254,,利记, , , , ,
934427,0.92,利记,平手/半球,平手/半球,1.00,0.92,1.00
934428,1.12,12bet/大发,平手,平手/半球,0.87,1.05,0.81
934689,,12bet/大发, , , , ,
934690,,10BET, , , , ,
885918,,明陞, , , , ,
903177,,韦德, , , , ,
902615,,Bet365, , , , ,
915254,,永利高, , , , ,
934427,,永利高, , , , ,
934428,1.14,利记,平手,平手/半球,0.88,1.04,0.79
934689,,利记, , , , ,
934690,,金宝博, , , , ,
885918,,澳彩, , , , ,
903177,,易胜, , , , ,
902615,,立博, , , , ,
915254,,盈禾, , , , ,
934427,0.97,盈禾,平手/半球,平手/半球,0.98,0.91,0.92
934428,,永利高, , , , ,
934689,,永利高, , , , ,
934690,,12bet/大发, , , , ,
885918,,10BET, , , , ,
903177,,明陞, , , , ,
902615,,韦德, , , , ,
934428,1.08,盈禾,平手,平手/半球,0.85,1.04,0.81
934689,,盈禾, , , , ,
934690,,利记, , , , ,
885918,,金宝博, , , , ,
903177,,澳彩, , , , ,
902615,,易胜, , , , ,
934690,,永利高, , , , ,
885918,,12bet/大发, , , , ,
903177,,10BET, , , , ,
902615,,明陞, , , , ,
934690,,盈禾, , , , ,
885918,,利记, , , , ,
903177,,金宝博, , , , ,
902615,,澳彩, , , , ,
885918,,永利高, , , , ,
903177,,12bet/大发, , , , ,
902615,,10BET, , , , ,
885918,,盈禾, , , , ,
903177,,利记, , , , ,
902615,,金宝博, , , , ,
903177,,永利高, , , , ,
902615,,12bet/大发, , , , ,
903177,,盈禾, , , , ,
902615,,利记, , , , ,
902615,,永利高, , , , ,
902615,,盈禾, , , , ,
